Action,tt0035181
Action,tt0059680
Action,tt0062669
Action,tt0064426
Action,tt0068015
Action,tt0068211
Action,tt0068650
Action,tt0068734
Action,tt0070801
Action,tt0071437
Action,tt0072245
Action,tt0072791
Action,tt0073019
Action,tt0074247
Action,tt0074521
Action,tt0075133
Action,tt0075201
Action,tt0075202
Action,tt0076035
Action,tt0076438
Action,tt0076694
Action,tt0076699
Action,tt0076822
Action,tt0077262
Action,tt0077541
Action,tt0077724
Action,tt0078253
Action,tt0078262
Action,tt0078450
Action,tt0079227
Action,tt0079362
Action,tt0079483
Action,tt0080501
Action,tt0080514
Action,tt0080580
Action,tt0081016
Action,tt0081019
Action,tt0081236
Action,tt0081404
Action,tt0083061
Action,tt0083062
Action,tt0083509
Action,tt0083541
Action,tt0085319
Action,tt0086548
Action,tt0086910
Action,tt0087068
Action,tt0087556
Action,tt0087627
Action,tt0088705
Action,tt0089268
Action,tt0089436
Action,tt0089690
Action,tt0090902
Action,tt0091130
Action,tt0091442
Action,tt0091734
Action,tt0091815
Action,tt0092279
Action,tt0092765
Action,tt0092926
Action,tt0093491
Action,tt0093637
Action,tt0093639
Action,tt0093903
Action,tt0093910
Action,tt0093932
Action,tt0094376
Action,tt0094813
Action,tt0094957
Action,tt0095143
Action,tt0095337
Action,tt0095848
Action,tt0096109
Action,tt0096183
Action,tt0096757
Action,tt0097004
Action,tt0097699
Action,tt0097726
Action,tt0097745
Action,tt0098158
Action,tt0098298
Action,tt0098422
Action,tt0098474
Action,tt0099260
Action,tt0099264
Action,tt0099378
Action,tt0099400
Action,tt0099720
Action,tt0099791
Action,tt0099975
Action,tt0100266
Action,tt0100273
Action,tt0100531
Action,tt0100645
Action,tt0101327
Action,tt0101481
Action,tt0101482
Action,tt0101501
Action,tt0101541
Action,tt0101723
Action,tt0101883
Action,tt0101928
Action,tt0102214
Action,tt0102286
Action,tt0102950
Action,tt0102995
Action,tt0103617
Action,tt0103794
Action,tt0103825
Action,tt0104066
Action,tt0104215
Action,tt0104405
Action,tt0104572
Action,tt0105395
Action,tt0105592
Action,tt0105640
Action,tt0105900
Action,tt0106258
Action,tt0106279
Action,tt0107056
Action,tt0107162
Action,tt0107405
Action,tt0107695
Action,tt0107762
Action,tt0107937
Action,tt0108006
Action,tt0108097
Action,tt0108313
Action,tt0109494
Action,tt0109540
Action,tt0109760
Action,tt0110073
Action,tt0110418
Action,tt0110923
Action,tt0111174
Action,tt0112314
Action,tt0112451
Action,tt0112782
Action,tt0112800
Action,tt0112839
Action,tt0112853
Action,tt0113075
Action,tt0113350
Action,tt0113523
Action,tt0113575
Action,tt0113835
Action,tt0114433
Action,tt0114447
Action,tt0114448
Action,tt0114783
Action,tt0114918
Action,tt0115618
Action,tt0115701
Action,tt0115711
Action,tt0115864
Action,tt0116564
Action,tt0117157
Action,tt0117242
Action,tt0117738
Action,tt0117761
Action,tt0118159
Action,tt0118864
Action,tt0119317
Action,tt0119367
Action,tt0119872
Action,tt0119961
Action,tt0121103
Action,tt0121974
Action,tt0124038
Action,tt0126698
Action,tt0127417
Action,tt0127751
Action,tt0129438
Action,tt0129728
Action,tt0131046
Action,tt0132322
Action,tt0135140
Action,tt0144080
Action,tt0146571
Action,tt0156734
Action,tt0161084
Action,tt0164522
Action,tt0165214
Action,tt0165256
Action,tt0165339
Action,tt0166674
Action,tt0167379
Action,tt0169863
Action,tt0171841
Action,tt0172610
Action,tt0174708
Action,tt0174982
Action,tt0175694
Action,tt0176650
Action,tt0180250
Action,tt0180685
Action,tt0181305
Action,tt0183061
Action,tt0183098
Action,tt0183341
Action,tt0183452
Action,tt0184016
Action,tt0184081
Action,tt0186647
Action,tt0187884
Action,tt0188568
Action,tt0191445
Action,tt0194800
Action,tt0199385
Action,tt0199817
Action,tt0199845
Action,tt0199865
Action,tt0199991
Action,tt0200014
Action,tt0200049
Action,tt0200126
Action,tt0200194
Action,tt0201099
Action,tt0202032
Action,tt0202145
Action,tt0204901
Action,tt0206990
Action,tt0213642
Action,tt0213724
Action,tt0214638
Action,tt0218053
Action,tt0218641
Action,tt0220644
Action,tt0223284
Action,tt0227200
Action,tt0228142
Action,tt0244216
Action,tt0244744
Action,tt0258862
Action,tt0261099
Action,tt0262002
Action,tt0264365
Action,tt0264605
Action,tt0266408
Action,tt0272822
Action,tt0277289
Action,tt0281587
Action,tt0283287
Action,tt0284457
Action,tt0287637
Action,tt0288831
Action,tt0290014
Action,tt0292163
Action,tt0293166
Action,tt0303103
Action,tt0304014
Action,tt0306909
Action,tt0314722
Action,tt0323546
Action,tt0325730
Action,tt0327940
Action,tt0347439
Action,tt0349575
Action,tt0368896
Action,tt0371902
Action,tt0375791
Action,tt0381469
Action,tt0383607
Action,tt0384991
Action,tt0386846
Action,tt0387445
Action,tt0396096
Action,tt0399445
Action,tt0400681
Action,tt0400905
Action,tt0402127
Action,tt0403279
Action,tt0404225
Action,tt0407761
Action,tt0417106
Action,tt0419983
Action,tt0421640
Action,tt0422689
Action,tt0431641
Action,tt0439801
Action,tt0440067
Action,tt0440590
Action,tt0441035
Action,tt0447635
Action,tt0449832
Action,tt0451930
Action,tt0451987
Action,tt0455991
Action,tt0458349
Action,tt0467462
Action,tt0467505
Action,tt0475750
Action,tt0478888
Action,tt0480685
Action,tt0483999
Action,tt0484003
Action,tt0488818
Action,tt0496247
Action,tt0497573
Action,tt0499518
Action,tt0762137
Action,tt0780484
Action,tt0780595
Action,tt0781084
Action,tt0785035
Action,tt0799951
Action,tt0805492
Action,tt0807944
Action,tt0814236
Action,tt0821470
Action,tt0824406
Action,tt0843372
Action,tt0858492
Action,tt0860462
Action,tt0870209
Action,tt0872289
Action,tt0887736
Action,tt0892041
Action,tt0893492
Action,tt0897374
Action,tt0924229
Action,tt0924249
Action,tt0924498
Action,tt0929620
Action,tt0929630
Action,tt0929742
Action,tt0939869
Action,tt0954914
Action,tt0956299
Action,tt0964510
Action,tt0977658
Action,tt0984243
Action,tt0997167
Action,tt1029238
Action,tt1034431
Action,tt1037133
Action,tt1043429
Action,tt1053857
Action,tt1091989
Action,tt1102364
Action,tt1105721
Action,tt1124397
Action,tt1135983
Action,tt1142974
Action,tt1149582
Action,tt1159634
Action,tt1161449
Action,tt1172168
Action,tt1185427
Action,tt1189432
Action,tt1200065
Action,tt1212067
Action,tt1212133
Action,tt1212442
Action,tt1221867
Action,tt1228984
Action,tt1228997
Action,tt1232831
Action,tt1236438
Action,tt1258972
Action,tt1261889
Action,tt1264961
Action,tt1266139
Action,tt1283546
Action,tt1296068
Action,tt1307058
Action,tt1308182
Action,tt1308664
Action,tt1311638
Action,tt1332103
Action,tt1350917
Action,tt1355546
Action,tt1356802
Action,tt1358586
Action,tt1365485
Action,tt1406157
Action,tt1409090
Action,tt1410198
Action,tt1415184
Action,tt1425250
Action,tt1432916
Action,tt1455619
Action,tt1458915
Action,tt1480296
Action,tt1483821
Action,tt1489264
Action,tt1496836
Action,tt1496868
Action,tt1501292
Action,tt1503184
Action,tt1518828
Action,tt1532261
Action,tt1537032
Action,tt1546420
Action,tt1555803
Action,tt1559007
Action,tt1579232
Action,tt1579540
Action,tt1579974
Action,tt1582524
Action,tt1595844
Action,tt1596565
Action,tt1600921
Action,tt1606189
Action,tt1606214
Action,tt1608631
Action,tt1609481
Action,tt1613037
Action,tt1617207
Action,tt1625856
Action,tt1634509
Action,tt1639405
Action,tt1641253
Action,tt1650433
Action,tt1653690
Action,tt1666308
Action,tt1671446
Action,tt1675300
Action,tt1686897
Action,tt1726661
Action,tt1730695
Action,tt1730720
Action,tt1737189
Action,tt1737267
Action,tt1743334
Action,tt1765729
Action,tt1770650
Action,tt1781800
Action,tt1810522
Action,tt1810858
Action,tt1820402
Action,tt1821607
Action,tt1835948
Action,tt1836020
Action,tt1836137
Action,tt1841594
Action,tt1851085
Action,tt1869345
Action,tt1884312
Action,tt1887807
Action,tt1925518
Action,tt1956589
Action,tt1956697
Action,tt1965272
Action,tt1984194
Action,tt1984208
Action,tt1999250
Action,tt2044077
Action,tt2053339
Action,tt2074387
Action,tt2077833
Action,tt2094825
Action,tt2106514
Action,tt2111458
Action,tt2118727
Action,tt2119467
Action,tt2133300
Action,tt2147303
Action,tt2164468
Action,tt2175669
Action,tt2186426
Action,tt2197884
Action,tt2198592
Action,tt2232428
Action,tt2236358
Action,tt2251662
Action,tt2261721
Action,tt2281293
Action,tt2287851
Action,tt2287973
Action,tt2290648
Action,tt2292693
Action,tt2295034
Action,tt2331169
Action,tt2339425
Action,tt2355791
Action,tt2360334
Action,tt2379651
Action,tt2389162
Action,tt2398340
Action,tt2412746
Action,tt2424988
Action,tt2433078
Action,tt2440354
Action,tt2445568
Action,tt2449180
Action,tt2499856
Action,tt2571140
Action,tt2614032
Action,tt2676350
Action,tt2724532
Action,tt2748546
Action,tt2781254
Action,tt2794316
Action,tt2825120
Action,tt2828022
Action,tt2828840
Action,tt2861830
Action,tt2876908
Action,tt2912138
Action,tt2917382
Action,tt2940482
Action,tt2942618
Action,tt2948606
Action,tt3036654
Action,tt3095464
Action,tt3114346
Action,tt3120960
Action,tt3129382
Action,tt3130742
Action,tt3207160
Action,tt3220528
Action,tt3232156
Action,tt3285576
Action,tt3290322
Action,tt3320578
Action,tt3421246
Action,tt3433170
Action,tt3456784
Action,tt3462696
Action,tt3502284
Action,tt3520290
Action,tt3523480
Action,tt3557988
Action,tt3579158
Action,tt3581276
Action,tt3594160
Action,tt3594826
Action,tt3602106
Action,tt3616894
Action,tt3616934
Action,tt3649102
Action,tt3652964
Action,tt3667436
Action,tt3685756
Action,tt3686256
Action,tt3709718
Action,tt3724490
Action,tt3756838
Action,tt3793230
Action,tt3809492
Action,tt3816614
Action,tt3850798
Action,tt3877652
Action,tt3917254
Action,tt3919278
Action,tt3949638
Action,tt3951298
Action,tt4019426
Action,tt4053684
Action,tt4059112
Action,tt4066958
Action,tt4087822
Action,tt4117094
Action,tt4144156
Action,tt4160208
Action,tt4197476
Action,tt4247828
Action,tt4254046
Action,tt4415326
Action,tt4438594
Action,tt4447090
Action,tt4451006
Action,tt4463780
Action,tt4523622
Action,tt4586626
Action,tt4642044
Action,tt4773642
Action,tt4833384
Action,tt4861048
Action,tt4944418
Action,tt4946222
Action,tt4970038
Action,tt4984868
Action,tt5010982
Action,tt5020372
Action,tt5078812
Action,tt5132854
Action,tt5151622
Action,tt5199588
Action,tt5259598
Action,tt5266668
Action,tt5290414
Action,tt5297256
Action,tt5305352
Action,tt5438276
Action,tt5453036
Action,tt5465970
Action,tt5467852
Action,tt5471258
Action,tt5475678
Action,tt5531298
Action,tt5556110
Action,tt5582876
Action,tt5610950
Action,tt5659172
Action,tt5667516
Action,tt5693776
Action,tt5698088
Action,tt5815858
Action,tt5821704
Action,tt5855164
Action,tt5885106
Action,tt5896934
Action,tt5992138
Action,tt6012244
Action,tt6024364
Action,tt6056530
Action,tt6102104
Action,tt6105774
Action,tt6126312
Action,tt6127254
Action,tt6130166
Action,tt6150988
Action,tt6153376
Action,tt6159026
Action,tt6166322
Action,tt6197400
Action,tt6220406
Action,tt6333284
Action,tt6354056
Action,tt6385842
Action,tt6405208
Action,tt6428774
Action,tt6456318
Action,tt6468814
Action,tt6495714
Action,tt6505826
Action,tt6538906
Action,tt6721358
Action,tt6735034
Action,tt6735094
Action,tt6756326
Action,tt6863784
Action,tt6864090
Action,tt6872436
Action,tt6904062
Action,tt6975420
Action,tt7066030
Action,tt7155178
Action,tt7156436
Action,tt7202976
Action,tt7221950
Action,tt7222304
Action,tt7240562
Action,tt7286966
Action,tt7287680
Action,tt7335186
Action,tt7349218
Action,tt7356148
Action,tt7380226
Action,tt7568856
Action,tt7652452
Action,tt7658610
Action,tt7718636
Action,tt7757972
Action,tt7773340
Action,tt7904182
Action,tt7906422
Action,tt7942708
Action,tt7963804
Action,tt7983712
Action,tt7983744
Action,tt8011344
Action,tt8081830
Action,tt8107464
Action,tt8110966
Action,tt8361196
Action,tt8408218
Action,tt8456680
Action,tt8458736
Action,tt8648640
Action,tt8785134
Action,tt8787116
Action,tt8816130
Action,tt8826936
Action,tt8857666
Action,tt8919390
Action,tt8972556
Action,tt8983238
Action,tt9021374
Action,tt9081774
Action,tt9203190
Action,tt9204408
Action,tt9221238
Action,tt9243442
Action,tt9315438
Action,tt9347750
Action,tt9535950
Action,tt9760512
Action,tt9760934
Action,tt9815714
Action,tt10076722
Action,tt10254472
Action,tt10275080
Action,tt10300380
Action,tt10329842
Action,tt10417622
Action,tt10763826
Action,tt10767976
Action,tt10789322
Action,tt10814494
Action,tt10833860
Action,tt10933680
Action,tt11135936
Action,tt11177112
Action,tt11189056
Action,tt11194492
Action,tt11515380
Action,tt11576124
Action,tt11718728
Action,tt11749480
Action,tt11765324
Action,tt11769162
