Animation,tt0056060
Animation,tt0064552
Animation,tt0076922
Animation,tt0092218
Animation,tt0098426
Animation,tt0112274
Animation,tt0120691
Animation,tt0125037
Animation,tt0125494
Animation,tt0130268
Animation,tt0190006
Animation,tt0202287
Animation,tt0220450
Animation,tt0225346
Animation,tt0262264
Animation,tt0274348
Animation,tt0342853
Animation,tt0348059
Animation,tt0348060
Animation,tt0374574
Animation,tt0393510
Animation,tt0443769
Animation,tt0459959
Animation,tt0480507
Animation,tt0486893
Animation,tt0488836
Animation,tt0496296
Animation,tt0994794
Animation,tt1065099
Animation,tt1091821
Animation,tt1212022
Animation,tt1290393
Animation,tt1305678
Animation,tt1318849
Animation,tt1453967
Animation,tt1485096
Animation,tt1520392
Animation,tt1537967
Animation,tt1566528
Animation,tt1576423
Animation,tt1618450
Animation,tt1623674
Animation,tt1753729
Animation,tt1796657
Animation,tt1859606
Animation,tt1869724
Animation,tt2050664
Animation,tt2104985
Animation,tt2124046
Animation,tt2180443
Animation,tt2592484
Animation,tt2650548
Animation,tt2938376
Animation,tt3332410
Animation,tt3431188
Animation,tt3433622
Animation,tt3574822
Animation,tt3789946
Animation,tt3832326
Animation,tt4008392
Animation,tt4179512
Animation,tt4487076
Animation,tt4693418
Animation,tt4697944
Animation,tt4838316
Animation,tt4971484
Animation,tt5315110
Animation,tt5363648
Animation,tt5440848
Animation,tt5471154
Animation,tt5476944
Animation,tt5923132
Animation,tt6035092
Animation,tt6241390
Animation,tt6246170
Animation,tt6449216
Animation,tt6475250
Animation,tt6545212
Animation,tt6771444
Animation,tt6772418
Animation,tt7006206
Animation,tt7454138
Animation,tt7639694
Animation,tt7717440
Animation,tt7980094
Animation,tt8328612
Animation,tt8391976
Animation,tt8774798
Animation,tt8925102
Animation,tt8941316
Animation,tt9004516
Animation,tt9144838
Animation,tt9251598
Animation,tt9251718
Animation,tt9465532
Animation,tt9465588
Animation,tt9496406
Animation,tt9551896
Animation,tt9894394
Animation,tt10187766
Animation,tt10687168
Animation,tt11496270
Animation,tt11561866
Animation,tt12588448
