Comedy,tt0003973
Comedy,tt0004707
Comedy,tt0006327
Comedy,tt0006809
Comedy,tt0007309
Comedy,tt0008011
Comedy,tt0008672
Comedy,tt0008679
Comedy,tt0009062
Comedy,tt0009893
Comedy,tt0010071
Comedy,tt0010162
Comedy,tt0010267
Comedy,tt0010456
Comedy,tt0010925
Comedy,tt0011193
Comedy,tt0011641
Comedy,tt0011652
Comedy,tt0011948
Comedy,tt0012136
Comedy,tt0012382
Comedy,tt0012642
Comedy,tt0014358
Comedy,tt0014538
Comedy,tt0014900
Comedy,tt0014925
Comedy,tt0015002
Comedy,tt0015119
Comedy,tt0015167
Comedy,tt0015200
Comedy,tt0015909
Comedy,tt0016004
Comedy,tt0016308
Comedy,tt0016394
Comedy,tt0016559
Comedy,tt0016854
Comedy,tt0016871
Comedy,tt0016971
Comedy,tt0017029
Comedy,tt0017119
Comedy,tt0017184
Comedy,tt0017293
Comedy,tt0017338
Comedy,tt0017409
Comedy,tt0017410
Comedy,tt0017437
Comedy,tt0017860
Comedy,tt0018102
Comedy,tt0018268
Comedy,tt0018351
Comedy,tt0018440
Comedy,tt0018523
Comedy,tt0018678
Comedy,tt0018722
Comedy,tt0018756
Comedy,tt0018826
Comedy,tt0018841
Comedy,tt0018882
Comedy,tt0019480
Comedy,tt0019796
Comedy,tt0019929
Comedy,tt0020014
Comedy,tt0020114
Comedy,tt0020228
Comedy,tt0020431
Comedy,tt0020442
Comedy,tt0020490
Comedy,tt0020563
Comedy,tt0020572
Comedy,tt0020754
Comedy,tt0020758
Comedy,tt0021132
Comedy,tt0021268
Comedy,tt0021322
Comedy,tt0021550
Comedy,tt0021606
Comedy,tt0021695
Comedy,tt0021697
Comedy,tt0021707
Comedy,tt0021829
Comedy,tt0021910
Comedy,tt0021985
Comedy,tt0022056
Comedy,tt0022117
Comedy,tt0022121
Comedy,tt0022223
Comedy,tt0022254
Comedy,tt0022274
Comedy,tt0022326
Comedy,tt0022535
Comedy,tt0022718
Comedy,tt0022731
Comedy,tt0022789
Comedy,tt0022802
Comedy,tt0022924
Comedy,tt0022961
Comedy,tt0023007
Comedy,tt0023302
Comedy,tt0023322
Comedy,tt0023498
Comedy,tt0023584
Comedy,tt0023677
Comedy,tt0023716
Comedy,tt0024078
Comedy,tt0024092
Comedy,tt0024183
Comedy,tt0024320
Comedy,tt0024601
Comedy,tt0024664
Comedy,tt0024672
Comedy,tt0024696
Comedy,tt0024762
Comedy,tt0024892
Comedy,tt0024939
Comedy,tt0024951
Comedy,tt0024961
Comedy,tt0024981
Comedy,tt0025043
Comedy,tt0025194
Comedy,tt0025318
Comedy,tt0025494
Comedy,tt0025590
Comedy,tt0025785
Comedy,tt0025797
Comedy,tt0025799
Comedy,tt0025805
Comedy,tt0025966
Comedy,tt0025973
Comedy,tt0026017
Comedy,tt0026126
Comedy,tt0026132
Comedy,tt0026179
Comedy,tt0026292
Comedy,tt0026446
Comedy,tt0026524
Comedy,tt0026534
Comedy,tt0026629
Comedy,tt0026675
Comedy,tt0026676
Comedy,tt0026984
Comedy,tt0027090
Comedy,tt0027276
Comedy,tt0027470
Comedy,tt0027503
Comedy,tt0027552
Comedy,tt0027562
Comedy,tt0027683
Comedy,tt0027684
Comedy,tt0027908
Comedy,tt0027969
Comedy,tt0027978
Comedy,tt0027979
Comedy,tt0027987
Comedy,tt0028070
Comedy,tt0028117
Comedy,tt0028120
Comedy,tt0028201
Comedy,tt0028270
Comedy,tt0028286
Comedy,tt0028353
Comedy,tt0028371
Comedy,tt0028483
Comedy,tt0028496
Comedy,tt0028509
Comedy,tt0028568
Comedy,tt0028679
Comedy,tt0028758
Comedy,tt0028799
Comedy,tt0028850
Comedy,tt0028860
Comedy,tt0028874
Comedy,tt0028945
Comedy,tt0029157
Comedy,tt0029218
Comedy,tt0029335
Comedy,tt0029365
Comedy,tt0029388
Comedy,tt0029391
Comedy,tt0029446
Comedy,tt0029609
Comedy,tt0029685
Comedy,tt0029786
Comedy,tt0029817
Comedy,tt0029831
Comedy,tt0029845
Comedy,tt0029849
Comedy,tt0029940
Comedy,tt0030066
Comedy,tt0030184
Comedy,tt0030231
Comedy,tt0030518
Comedy,tt0030631
Comedy,tt0030652
Comedy,tt0030696
Comedy,tt0030722
Comedy,tt0030732
Comedy,tt0030746
Comedy,tt0030864
Comedy,tt0030867
Comedy,tt0030881
Comedy,tt0030900
Comedy,tt0031106
Comedy,tt0031158
Comedy,tt0031161
Comedy,tt0031178
Comedy,tt0031345
Comedy,tt0031383
Comedy,tt0031403
Comedy,tt0031517
Comedy,tt0031641
Comedy,tt0031716
Comedy,tt0032125
Comedy,tt0032128
Comedy,tt0032152
Comedy,tt0032186
Comedy,tt0032234
Comedy,tt0032261
Comedy,tt0032262
Comedy,tt0032263
Comedy,tt0032286
Comedy,tt0032305
Comedy,tt0032323
Comedy,tt0032339
Comedy,tt0032554
Comedy,tt0032556
Comedy,tt0032575
Comedy,tt0032576
Comedy,tt0032596
Comedy,tt0032703
Comedy,tt0032742
Comedy,tt0032786
Comedy,tt0032925
Comedy,tt0032961
Comedy,tt0033017
Comedy,tt0033022
Comedy,tt0033131
Comedy,tt0033153
Comedy,tt0033154
Comedy,tt0033224
Comedy,tt0033229
Comedy,tt0033279
Comedy,tt0033379
Comedy,tt0033398
Comedy,tt0033404
Comedy,tt0033596
Comedy,tt0033661
Comedy,tt0033708
Comedy,tt0033725
Comedy,tt0033739
Comedy,tt0033850
Comedy,tt0033868
Comedy,tt0033883
Comedy,tt0033907
Comedy,tt0033912
Comedy,tt0033948
Comedy,tt0033963
Comedy,tt0033986
Comedy,tt0033994
Comedy,tt0034076
Comedy,tt0034178
Comedy,tt0034193
Comedy,tt0034274
Comedy,tt0034282
Comedy,tt0034378
Comedy,tt0034411
Comedy,tt0034488
Comedy,tt0034525
Comedy,tt0034527
Comedy,tt0034597
Comedy,tt0034618
Comedy,tt0034695
Comedy,tt0034780
Comedy,tt0034801
Comedy,tt0034810
Comedy,tt0034973
Comedy,tt0035016
Comedy,tt0035039
Comedy,tt0035052
Comedy,tt0035059
Comedy,tt0035060
Comedy,tt0035095
Comedy,tt0035100
Comedy,tt0035105
Comedy,tt0035131
Comedy,tt0035183
Comedy,tt0035413
Comedy,tt0035427
Comedy,tt0035480
Comedy,tt0035771
Comedy,tt0035940
Comedy,tt0035941
Comedy,tt0035945
Comedy,tt0035984
Comedy,tt0036049
Comedy,tt0036149
Comedy,tt0036155
Comedy,tt0036175
Comedy,tt0036210
Comedy,tt0036368
Comedy,tt0036552
Comedy,tt0036553
Comedy,tt0036650
Comedy,tt0036671
Comedy,tt0036699
Comedy,tt0036776
Comedy,tt0036818
Comedy,tt0036877
Comedy,tt0036909
Comedy,tt0037074
Comedy,tt0037138
Comedy,tt0037149
Comedy,tt0037158
Comedy,tt0037190
Comedy,tt0037211
Comedy,tt0037232
Comedy,tt0037332
Comedy,tt0037352
Comedy,tt0037421
Comedy,tt0037492
Comedy,tt0037530
Comedy,tt0037557
Comedy,tt0037607
Comedy,tt0037609
Comedy,tt0037714
Comedy,tt0037785
Comedy,tt0037823
Comedy,tt0037840
Comedy,tt0037848
Comedy,tt0037866
Comedy,tt0037892
Comedy,tt0037930
Comedy,tt0037966
Comedy,tt0037990
Comedy,tt0038045
Comedy,tt0038083
Comedy,tt0038197
Comedy,tt0038219
Comedy,tt0038228
Comedy,tt0038367
Comedy,tt0038368
Comedy,tt0038652
Comedy,tt0038676
Comedy,tt0038680
Comedy,tt0038691
Comedy,tt0038694
Comedy,tt0038761
Comedy,tt0038773
Comedy,tt0038777
Comedy,tt0038779
Comedy,tt0038826
Comedy,tt0038830
Comedy,tt0038832
Comedy,tt0038938
Comedy,tt0039053
Comedy,tt0039073
Comedy,tt0039200
Comedy,tt0039201
Comedy,tt0039202
Comedy,tt0039203
Comedy,tt0039342
Comedy,tt0039405
Comedy,tt0039451
Comedy,tt0039472
Comedy,tt0039485
Comedy,tt0039503
Comedy,tt0039556
Comedy,tt0039566
Comedy,tt0039568
Comedy,tt0039656
Comedy,tt0039688
Comedy,tt0039745
Comedy,tt0039811
Comedy,tt0039825
Comedy,tt0039893
Comedy,tt0039975
Comedy,tt0040089
Comedy,tt0040173
Comedy,tt0040174
Comedy,tt0040342
Comedy,tt0040349
Comedy,tt0040352
Comedy,tt0040432
Comedy,tt0040464
Comedy,tt0040473
Comedy,tt0040499
Comedy,tt0040577
Comedy,tt0040602
Comedy,tt0040646
Comedy,tt0040652
Comedy,tt0040810
Comedy,tt0040816
Comedy,tt0040830
Comedy,tt0040891
Comedy,tt0041188
Comedy,tt0041189
Comedy,tt0041255
Comedy,tt0041286
Comedy,tt0041423
Comedy,tt0041489
Comedy,tt0041504
Comedy,tt0041526
Comedy,tt0041549
Comedy,tt0041550
Comedy,tt0041613
Comedy,tt0041652
Comedy,tt0041659
Comedy,tt0041662
Comedy,tt0041710
Comedy,tt0041737
Comedy,tt0041831
Comedy,tt0041974
Comedy,tt0041975
Comedy,tt0042028
Comedy,tt0042051
Comedy,tt0042067
Comedy,tt0042175
Comedy,tt0042210
Comedy,tt0042243
Comedy,tt0042247
Comedy,tt0042263
Comedy,tt0042316
Comedy,tt0042318
Comedy,tt0042429
Comedy,tt0042519
Comedy,tt0042541
Comedy,tt0042548
Comedy,tt0042610
Comedy,tt0042649
Comedy,tt0042733
Comedy,tt0042736
Comedy,tt0042780
Comedy,tt0042858
Comedy,tt0042859
Comedy,tt0042893
Comedy,tt0042974
Comedy,tt0043043
Comedy,tt0043057
Comedy,tt0043058
Comedy,tt0043059
Comedy,tt0043127
Comedy,tt0043141
Comedy,tt0043161
Comedy,tt0043299
Comedy,tt0043355
Comedy,tt0043393
Comedy,tt0043454
Comedy,tt0043499
Comedy,tt0043520
Comedy,tt0043574
Comedy,tt0043603
Comedy,tt0043616
Comedy,tt0043622
Comedy,tt0043699
Comedy,tt0043719
Comedy,tt0043721
Comedy,tt0043727
Comedy,tt0043735
Comedy,tt0043767
Comedy,tt0043772
Comedy,tt0043777
Comedy,tt0043818
Comedy,tt0043820
Comedy,tt0043873
Comedy,tt0043884
Comedy,tt0043902
Comedy,tt0043918
Comedy,tt0043966
Comedy,tt0044084
Comedy,tt0044140
Comedy,tt0044191
Comedy,tt0044388
Comedy,tt0044410
Comedy,tt0044436
Comedy,tt0044441
Comedy,tt0044489
Comedy,tt0044504
Comedy,tt0044563
Comedy,tt0044566
Comedy,tt0044608
Comedy,tt0044612
Comedy,tt0044619
Comedy,tt0044626
Comedy,tt0044662
Comedy,tt0044687
Comedy,tt0044700
Comedy,tt0044701
Comedy,tt0044781
Comedy,tt0044793
Comedy,tt0044864
Comedy,tt0044913
Comedy,tt0044969
Comedy,tt0044970
Comedy,tt0045056
Comedy,tt0045081
Comedy,tt0045084
Comedy,tt0045102
Comedy,tt0045115
Comedy,tt0045173
Comedy,tt0045235
Comedy,tt0045239
Comedy,tt0045243
Comedy,tt0045247
Comedy,tt0045248
Comedy,tt0045257
Comedy,tt0045265
Comedy,tt0045357
Comedy,tt0045498
Comedy,tt0045554
Comedy,tt0045633
Comedy,tt0045664
Comedy,tt0045712
Comedy,tt0045730
Comedy,tt0045735
Comedy,tt0045754
Comedy,tt0045755
Comedy,tt0045782
Comedy,tt0045808
Comedy,tt0045854
Comedy,tt0045926
Comedy,tt0045982
Comedy,tt0046020
Comedy,tt0046056
Comedy,tt0046081
Comedy,tt0046172
Comedy,tt0046173
Comedy,tt0046283
Comedy,tt0046409
Comedy,tt0046436
Comedy,tt0046464
Comedy,tt0046465
Comedy,tt0046470
Comedy,tt0046483
Comedy,tt0046487
Comedy,tt0046551
Comedy,tt0046677
Comedy,tt0046705
Comedy,tt0046921
Comedy,tt0047015
Comedy,tt0047062
Comedy,tt0047085
Comedy,tt0047089
Comedy,tt0047138
Comedy,tt0047152
Comedy,tt0047158
Comedy,tt0047180
Comedy,tt0047197
Comedy,tt0047224
Comedy,tt0047238
Comedy,tt0047250
Comedy,tt0047287
Comedy,tt0047298
Comedy,tt0047310
Comedy,tt0047331
Comedy,tt0047338
Comedy,tt0047358
Comedy,tt0047466
Comedy,tt0047582
Comedy,tt0047589
Comedy,tt0047595
Comedy,tt0047598
Comedy,tt0047696
Comedy,tt0047799
Comedy,tt0047839
Comedy,tt0047853
Comedy,tt0047870
Comedy,tt0047871
Comedy,tt0047948
Comedy,tt0047951
Comedy,tt0047986
Comedy,tt0047998
Comedy,tt0048001
Comedy,tt0048002
Comedy,tt0048014
Comedy,tt0048039
Comedy,tt0048104
Comedy,tt0048166
Comedy,tt0048170
Comedy,tt0048183
Comedy,tt0048207
Comedy,tt0048222
Comedy,tt0048232
Comedy,tt0048253
Comedy,tt0048326
Comedy,tt0048333
Comedy,tt0048334
Comedy,tt0048346
Comedy,tt0048362
Comedy,tt0048458
Comedy,tt0048459
Comedy,tt0048480
Comedy,tt0048481
Comedy,tt0048489
Comedy,tt0048530
Comedy,tt0048546
Comedy,tt0048617
Comedy,tt0048621
Comedy,tt0048653
Comedy,tt0048739
Comedy,tt0048740
Comedy,tt0048833
Comedy,tt0048974
Comedy,tt0048981
Comedy,tt0049008
Comedy,tt0049009
Comedy,tt0049042
Comedy,tt0049098
Comedy,tt0049120
Comedy,tt0049143
Comedy,tt0049153
Comedy,tt0049163
Comedy,tt0049182
Comedy,tt0049281
Comedy,tt0049336
Comedy,tt0049369
Comedy,tt0049404
Comedy,tt0049427
Comedy,tt0049443
Comedy,tt0049451
Comedy,tt0049497
Comedy,tt0049498
Comedy,tt0049589
Comedy,tt0049607
Comedy,tt0049717
Comedy,tt0049765
Comedy,tt0049771
Comedy,tt0049841
Comedy,tt0049865
Comedy,tt0049867
Comedy,tt0049868
Comedy,tt0049873
Comedy,tt0049886
Comedy,tt0049906
Comedy,tt0049948
Comedy,tt0049951
Comedy,tt0049988
Comedy,tt0050100
Comedy,tt0050139
Comedy,tt0050168
Comedy,tt0050214
Comedy,tt0050243
Comedy,tt0050260
Comedy,tt0050263
Comedy,tt0050301
Comedy,tt0050323
Comedy,tt0050332
Comedy,tt0050398
Comedy,tt0050406
Comedy,tt0050456
Comedy,tt0050483
Comedy,tt0050515
Comedy,tt0050564
Comedy,tt0050580
Comedy,tt0050590
Comedy,tt0050654
Comedy,tt0050660
Comedy,tt0050691
Comedy,tt0050698
Comedy,tt0050706
Comedy,tt0050738
Comedy,tt0050749
Comedy,tt0050777
Comedy,tt0050784
Comedy,tt0050795
Comedy,tt0050813
Comedy,tt0050818
Comedy,tt0050831
Comedy,tt0050832
Comedy,tt0050833
Comedy,tt0050910
Comedy,tt0050922
Comedy,tt0050960
Comedy,tt0050984
Comedy,tt0050985
Comedy,tt0051074
Comedy,tt0051080
Comedy,tt0051097
Comedy,tt0051133
Comedy,tt0051143
Comedy,tt0051163
Comedy,tt0051235
Comedy,tt0051241
Comedy,tt0051346
Comedy,tt0051360
Comedy,tt0051391
Comedy,tt0051423
Comedy,tt0051475
Comedy,tt0051509
Comedy,tt0051598
Comedy,tt0051649
Comedy,tt0051695
Comedy,tt0051707
Comedy,tt0051721
Comedy,tt0051739
Comedy,tt0051768
Comedy,tt0051771
Comedy,tt0051838
Comedy,tt0051851
Comedy,tt0051863
Comedy,tt0051989
Comedy,tt0052016
Comedy,tt0052046
Comedy,tt0052057
Comedy,tt0052117
Comedy,tt0052147
Comedy,tt0052209
Comedy,tt0052211
Comedy,tt0052214
Comedy,tt0052264
Comedy,tt0052276
Comedy,tt0052291
Comedy,tt0052306
Comedy,tt0052307
Comedy,tt0052309
Comedy,tt0052310
Comedy,tt0052334
Comedy,tt0052343
Comedy,tt0052350
Comedy,tt0052352
Comedy,tt0052363
Comedy,tt0052400
Comedy,tt0052432
Comedy,tt0052575
Comedy,tt0052607
Comedy,tt0052649
Comedy,tt0052668
Comedy,tt0052672
Comedy,tt0052686
Comedy,tt0052749
Comedy,tt0052780
Comedy,tt0052795
Comedy,tt0052815
Comedy,tt0052847
Comedy,tt0052860
Comedy,tt0052878
Comedy,tt0052897
Comedy,tt0052911
Comedy,tt0052915
Comedy,tt0052920
Comedy,tt0052921
Comedy,tt0052933
Comedy,tt0052985
Comedy,tt0053038
Comedy,tt0053043
Comedy,tt0053044
Comedy,tt0053081
Comedy,tt0053084
Comedy,tt0053100
Comedy,tt0053174
Comedy,tt0053185
Comedy,tt0053214
Comedy,tt0053224
Comedy,tt0053252
Comedy,tt0053333
Comedy,tt0053339
Comedy,tt0053342
Comedy,tt0053370
Comedy,tt0053371
Comedy,tt0053373
Comedy,tt0053403
Comedy,tt0053417
Comedy,tt0053600
Comedy,tt0053635
Comedy,tt0053644
Comedy,tt0053648
Comedy,tt0053661
Comedy,tt0053668
Comedy,tt0053683
Comedy,tt0053699
Comedy,tt0053707
Comedy,tt0053709
Comedy,tt0053738
Comedy,tt0053759
Comedy,tt0053775
Comedy,tt0053814
Comedy,tt0053833
Comedy,tt0053839
Comedy,tt0053855
Comedy,tt0053892
Comedy,tt0053947
Comedy,tt0054023
Comedy,tt0054049
Comedy,tt0054064
Comedy,tt0054068
Comedy,tt0054117
Comedy,tt0054168
Comedy,tt0054169
Comedy,tt0054266
Comedy,tt0054279
Comedy,tt0054298
Comedy,tt0054309
Comedy,tt0054355
Comedy,tt0054379
Comedy,tt0054394
Comedy,tt0054441
Comedy,tt0054442
Comedy,tt0054455
Comedy,tt0054463
Comedy,tt0054481
Comedy,tt0054495
Comedy,tt0054592
Comedy,tt0054600
Comedy,tt0054603
Comedy,tt0054604
Comedy,tt0054615
Comedy,tt0054619
Comedy,tt0054651
Comedy,tt0054676
Comedy,tt0054700
Comedy,tt0054719
Comedy,tt0054727
Comedy,tt0054798
Comedy,tt0054814
Comedy,tt0054820
Comedy,tt0054826
Comedy,tt0054870
Comedy,tt0054877
Comedy,tt0054931
Comedy,tt0054973
Comedy,tt0055069
Comedy,tt0055087
Comedy,tt0055103
Comedy,tt0055148
Comedy,tt0055158
Comedy,tt0055235
Comedy,tt0055256
Comedy,tt0055307
Comedy,tt0055342
Comedy,tt0055361
Comedy,tt0055383
Comedy,tt0055394
Comedy,tt0055487
Comedy,tt0055488
Comedy,tt0055503
Comedy,tt0055535
Comedy,tt0055536
Comedy,tt0055538
Comedy,tt0055545
Comedy,tt0055579
Comedy,tt0055588
Comedy,tt0055593
Comedy,tt0055615
Comedy,tt0055621
Comedy,tt0055648
Comedy,tt0055746
Comedy,tt0055753
Comedy,tt0055763
Comedy,tt0055809
Comedy,tt0055915
Comedy,tt0055936
Comedy,tt0055977
Comedy,tt0056017
Comedy,tt0056018
Comedy,tt0056022
Comedy,tt0056032
Comedy,tt0056053
Comedy,tt0056083
Comedy,tt0056105
Comedy,tt0056129
Comedy,tt0056148
Comedy,tt0056238
Comedy,tt0056290
Comedy,tt0056305
Comedy,tt0056307
Comedy,tt0056325
Comedy,tt0056355
Comedy,tt0056363
Comedy,tt0056466
Comedy,tt0056467
Comedy,tt0056478
Comedy,tt0056501
Comedy,tt0056506
Comedy,tt0056514
Comedy,tt0056534
Comedy,tt0056591
Comedy,tt0056599
Comedy,tt0056604
Comedy,tt0056605
Comedy,tt0056621
Comedy,tt0056651
Comedy,tt0056659
Comedy,tt0056673
Comedy,tt0056683
Comedy,tt0056691
Comedy,tt0056735
Comedy,tt0056815
Comedy,tt0056883
Comedy,tt0056892
Comedy,tt0056897
Comedy,tt0056924
Comedy,tt0056939
Comedy,tt0056960
Comedy,tt0056964
Comedy,tt0056969
Comedy,tt0056995
Comedy,tt0056999
Comedy,tt0057004
Comedy,tt0057011
Comedy,tt0057012
Comedy,tt0057013
Comedy,tt0057055
Comedy,tt0057069
Comedy,tt0057130
Comedy,tt0057134
Comedy,tt0057165
Comedy,tt0057189
Comedy,tt0057220
Comedy,tt0057241
Comedy,tt0057284
Comedy,tt0057289
Comedy,tt0057291
Comedy,tt0057293
Comedy,tt0057317
Comedy,tt0057323
Comedy,tt0057341
Comedy,tt0057371
Comedy,tt0057384
Comedy,tt0057400
Comedy,tt0057405
Comedy,tt0057414
Comedy,tt0057422
Comedy,tt0057435
Comedy,tt0057516
Comedy,tt0057530
Comedy,tt0057540
Comedy,tt0057544
Comedy,tt0057556
Comedy,tt0057580
Comedy,tt0057594
Comedy,tt0057595
Comedy,tt0057616
Comedy,tt0057681
Comedy,tt0057682
Comedy,tt0057683
Comedy,tt0057805
Comedy,tt0057808
Comedy,tt0057834
Comedy,tt0057844
Comedy,tt0057872
Comedy,tt0057878
Comedy,tt0057920
Comedy,tt0057936
Comedy,tt0057938
Comedy,tt0057962
Comedy,tt0057964
Comedy,tt0057965
Comedy,tt0057991
Comedy,tt0058038
Comedy,tt0058088
Comedy,tt0058110
Comedy,tt0058124
Comedy,tt0058145
Comedy,tt0058153
Comedy,tt0058200
Comedy,tt0058204
Comedy,tt0058206
Comedy,tt0058212
Comedy,tt0058266
Comedy,tt0058316
Comedy,tt0058320
Comedy,tt0058325
Comedy,tt0058348
Comedy,tt0058369
Comedy,tt0058392
Comedy,tt0058415
Comedy,tt0058446
Comedy,tt0058456
Comedy,tt0058556
Comedy,tt0058621
Comedy,tt0058674
Comedy,tt0058675
Comedy,tt0058703
Comedy,tt0058704
Comedy,tt0058750
Comedy,tt0058758
Comedy,tt0058767
Comedy,tt0058920
Comedy,tt0058981
Comedy,tt0059049
Comedy,tt0059051
Comedy,tt0059130
Comedy,tt0059143
Comedy,tt0059171
Comedy,tt0059188
Comedy,tt0059227
Comedy,tt0059276
Comedy,tt0059282
Comedy,tt0059298
Comedy,tt0059318
Comedy,tt0059336
Comedy,tt0059362
Comedy,tt0059377
Comedy,tt0059380
Comedy,tt0059388
Comedy,tt0059410
Comedy,tt0059417
Comedy,tt0059424
Comedy,tt0059428
Comedy,tt0059431
Comedy,tt0059502
