Horror,tt0004026
Horror,tt0007983
Horror,tt0011221
Horror,tt0016220
Horror,tt0018097
Horror,tt0018770
Horror,tt0023694
Horror,tt0025465
Horror,tt0026209
Horror,tt0027055
Horror,tt0032215
Horror,tt0033075
Horror,tt0034398
Horror,tt0038214
Horror,tt0038470
Horror,tt0038514
Horror,tt0038531
Horror,tt0040452
Horror,tt0042059
Horror,tt0042423
Horror,tt0043360
Horror,tt0044656
Horror,tt0045888
Horror,tt0049429
Horror,tt0049616
Horror,tt0050157
Horror,tt0050201
Horror,tt0050235
Horror,tt0050317
Horror,tt0050672
Horror,tt0050718
Horror,tt0051173
Horror,tt0051536
Horror,tt0051731
Horror,tt0051755
Horror,tt0052289
Horror,tt0052555
Horror,tt0052901
Horror,tt0053363
Horror,tt0053677
Horror,tt0053931
Horror,tt0054067
Horror,tt0054111
Horror,tt0054333
Horror,tt0054416
Horror,tt0054484
Horror,tt0054711
Horror,tt0054724
Horror,tt0054777
Horror,tt0054793
Horror,tt0054807
Horror,tt0055018
Horror,tt0055456
Horror,tt0055804
Horror,tt0055902
Horror,tt0056040
Horror,tt0056056
Horror,tt0056220
Horror,tt0056279
Horror,tt0056315
Horror,tt0056528
Horror,tt0056565
Horror,tt0056611
Horror,tt0056633
Horror,tt0056875
Horror,tt0057128
Horror,tt0057129
Horror,tt0057155
Horror,tt0057181
Horror,tt0057226
Horror,tt0057280
Horror,tt0057302
Horror,tt0057434
Horror,tt0057522
Horror,tt0057603
Horror,tt0057646
Horror,tt0057984
Horror,tt0057985
Horror,tt0057986
Horror,tt0058000
Horror,tt0058007
Horror,tt0058073
Horror,tt0058079
Horror,tt0058106
Horror,tt0058155
Horror,tt0058307
Horror,tt0058333
Horror,tt0058601
Horror,tt0058622
Horror,tt0058694
Horror,tt0058753
Horror,tt0058954
Horror,tt0058955
Horror,tt0058983
Horror,tt0059100
Horror,tt0059125
Horror,tt0059127
Horror,tt0059285
Horror,tt0059311
Horror,tt0059440
Horror,tt0060049
Horror,tt0060097
Horror,tt0060154
Horror,tt0060171
Horror,tt0060174
Horror,tt0060175
Horror,tt0060228
Horror,tt0060290
Horror,tt0060307
Horror,tt0060380
Horror,tt0060616
Horror,tt0060666
Horror,tt0060841
Horror,tt0060893
Horror,tt0061060
Horror,tt0061411
Horror,tt0061412
Horror,tt0061520
Horror,tt0061806
Horror,tt0062006
Horror,tt0062032
Horror,tt0062132
Horror,tt0062231
Horror,tt0062259
Horror,tt0062266
Horror,tt0062345
Horror,tt0062446
Horror,tt0062833
Horror,tt0062885
Horror,tt0062943
Horror,tt0062957
Horror,tt0063170
Horror,tt0063275
Horror,tt0063608
Horror,tt0064310
Horror,tt0064369
Horror,tt0064726
Horror,tt0064729
Horror,tt0064747
Horror,tt0064902
Horror,tt0064950
Horror,tt0065168
Horror,tt0065478
Horror,tt0065483
Horror,tt0065580
Horror,tt0065597
Horror,tt0065624
Horror,tt0065660
Horror,tt0065669
Horror,tt0065744
Horror,tt0065750
Horror,tt0065854
Horror,tt0065887
Horror,tt0065905
Horror,tt0066058
Horror,tt0066104
Horror,tt0066132
Horror,tt0066160
Horror,tt0066267
Horror,tt0066476
Horror,tt0066518
Horror,tt0066519
Horror,tt0066578
Horror,tt0066600
Horror,tt0066757
Horror,tt0066816
Horror,tt0066846
Horror,tt0066847
Horror,tt0066848
Horror,tt0066849
Horror,tt0066863
Horror,tt0066871
Horror,tt0066893
Horror,tt0066914
Horror,tt0066990
Horror,tt0067016
Horror,tt0067094
Horror,tt0067169
Horror,tt0067176
Horror,tt0067192
Horror,tt0067229
Horror,tt0067321
Horror,tt0067352
Horror,tt0067367
Horror,tt0067480
Horror,tt0067500
Horror,tt0067503
Horror,tt0067671
Horror,tt0067690
Horror,tt0067708
Horror,tt0067713
Horror,tt0067757
Horror,tt0067924
Horror,tt0067929
Horror,tt0067934
Horror,tt0067948
Horror,tt0067950
Horror,tt0067972
Horror,tt0067991
Horror,tt0068187
Horror,tt0068199
Horror,tt0068230
Horror,tt0068231
Horror,tt0068289
Horror,tt0068290
Horror,tt0068352
Horror,tt0068438
Horror,tt0068448
Horror,tt0068458
Horror,tt0068459
Horror,tt0068489
Horror,tt0068504
Horror,tt0068505
Horror,tt0068522
Horror,tt0068596
Horror,tt0068654
Horror,tt0068658
Horror,tt0068727
Horror,tt0068746
Horror,tt0068772
Horror,tt0068966
Horror,tt0068994
Horror,tt0069018
Horror,tt0069029
Horror,tt0069046
Horror,tt0069047
Horror,tt0069048
Horror,tt0069162
Horror,tt0069165
Horror,tt0069208
Horror,tt0069308
Horror,tt0069375
Horror,tt0069417
Horror,tt0069427
Horror,tt0069464
Horror,tt0069494
Horror,tt0069715
Horror,tt0069745
Horror,tt0069753
Horror,tt0069820
Horror,tt0069851
Horror,tt0069924
Horror,tt0069933
Horror,tt0070001
Horror,tt0070013
Horror,tt0070039
Horror,tt0070047
Horror,tt0070066
Horror,tt0070198
Horror,tt0070294
Horror,tt0070368
Horror,tt0070445
Horror,tt0070508
Horror,tt0070526
Horror,tt0070537
Horror,tt0070547
Horror,tt0070593
Horror,tt0070603
Horror,tt0070634
Horror,tt0070654
Horror,tt0070655
Horror,tt0070673
Horror,tt0070703
Horror,tt0070770
Horror,tt0070868
Horror,tt0070869
Horror,tt0070871
Horror,tt0070893
Horror,tt0071095
Horror,tt0071212
Horror,tt0071232
Horror,tt0071233
Horror,tt0071256
Horror,tt0071396
Horror,tt0071413
Horror,tt0071465
Horror,tt0071478
Horror,tt0071479
Horror,tt0071518
Horror,tt0071560
Horror,tt0071627
Horror,tt0071628
Horror,tt0071675
Horror,tt0071791
Horror,tt0071967
Horror,tt0072019
Horror,tt0072133
Horror,tt0072136
Horror,tt0072147
Horror,tt0072148
Horror,tt0072156
Horror,tt0072184
Horror,tt0072239
Horror,tt0072271
Horror,tt0072331
Horror,tt0072354
Horror,tt0072392
Horror,tt0072626
Horror,tt0072813
Horror,tt0072867
Horror,tt0072869
Horror,tt0073275
Horror,tt0073324
Horror,tt0073461
Horror,tt0073609
Horror,tt0073847
Horror,tt0074195
Horror,tt0074211
Horror,tt0074222
Horror,tt0074285
Horror,tt0074389
Horror,tt0074390
Horror,tt0074499
Horror,tt0074683
Horror,tt0074687
Horror,tt0074769
Horror,tt0074829
Horror,tt0074920
Horror,tt0075001
Horror,tt0075005
Horror,tt0075164
Horror,tt0075261
Horror,tt0075334
Horror,tt0075651
Horror,tt0075820
Horror,tt0075838
Horror,tt0075887
Horror,tt0075999
Horror,tt0076009
Horror,tt0076081
Horror,tt0076127
Horror,tt0076295
Horror,tt0076380
Horror,tt0076478
Horror,tt0076571
Horror,tt0076683
Horror,tt0076786
Horror,tt0076853
Horror,tt0076914
Horror,tt0077245
Horror,tt0077254
Horror,tt0077332
Horror,tt0077394
Horror,tt0077420
Horror,tt0077450
Horror,tt0077470
Horror,tt0077769
Horror,tt0077844
Horror,tt0077912
Horror,tt0077994
Horror,tt0078055
Horror,tt0078067
Horror,tt0078398
Horror,tt0078751
Horror,tt0078767
Horror,tt0078871
Horror,tt0078916
Horror,tt0078930
Horror,tt0078936
Horror,tt0079011
Horror,tt0079135
Horror,tt0079156
Horror,tt0079273
Horror,tt0079450
Horror,tt0079541
Horror,tt0079631
Horror,tt0079677
Horror,tt0079788
Horror,tt0079855
Horror,tt0080040
Horror,tt0080057
Horror,tt0080402
Horror,tt0080431
Horror,tt0080438
Horror,tt0080440
Horror,tt0080464
Horror,tt0080486
Horror,tt0080506
Horror,tt0080516
Horror,tt0080607
Horror,tt0080646
Horror,tt0080730
Horror,tt0080764
Horror,tt0080923
Horror,tt0080990
Horror,tt0081034
Horror,tt0081229
Horror,tt0081248
Horror,tt0081314
Horror,tt0081318
Horror,tt0081366
Horror,tt0081415
Horror,tt0081677
Horror,tt0082025
Horror,tt0082116
Horror,tt0082118
Horror,tt0082237
Horror,tt0082257
Horror,tt0082273
Horror,tt0082276
Horror,tt0082307
Horror,tt0082346
Horror,tt0082367
Horror,tt0082377
Horror,tt0082379
Horror,tt0082427
Horror,tt0082479
Horror,tt0082495
Horror,tt0082522
Horror,tt0082533
Horror,tt0082580
Horror,tt0082620
Horror,tt0082744
Horror,tt0082804
Horror,tt0082818
Horror,tt0082955
Horror,tt0082966
Horror,tt0083155
Horror,tt0083347
Horror,tt0083550
Horror,tt0083629
Horror,tt0083849
Horror,tt0083907
Horror,tt0084028
Horror,tt0084096
Horror,tt0084272
Horror,tt0084298
Horror,tt0084348
Horror,tt0084357
Horror,tt0084592
Horror,tt0084651
Horror,tt0084695
Horror,tt0084739
Horror,tt0084825
Horror,tt0085159
Horror,tt0085253
Horror,tt0085266
Horror,tt0085415
Horror,tt0085434
Horror,tt0085824
Horror,tt0085883
Horror,tt0085951
Horror,tt0085953
Horror,tt0086050
Horror,tt0086137
Horror,tt0086248
Horror,tt0086320
Horror,tt0086486
Horror,tt0086585
Horror,tt0086636
Horror,tt0087746
Horror,tt0087798
Horror,tt0087800
Horror,tt0088454
Horror,tt0088691
Horror,tt0088752
Horror,tt0088830
Horror,tt0089013
Horror,tt0089238
Horror,tt0089299
Horror,tt0089326
Horror,tt0089547
Horror,tt0089686
Horror,tt0089894
Horror,tt0090021
Horror,tt0090322
Horror,tt0090582
Horror,tt0090930
Horror,tt0091118
Horror,tt0091339
Horror,tt0091415
Horror,tt0091560
Horror,tt0091617
Horror,tt0091651
Horror,tt0091707
Horror,tt0091778
Horror,tt0091847
Horror,tt0091898
Horror,tt0091990
Horror,tt0092118
Horror,tt0092596
Horror,tt0092670
Horror,tt0092671
Horror,tt0092672
Horror,tt0092677
Horror,tt0092750
Horror,tt0092872
Horror,tt0092873
Horror,tt0092906
Horror,tt0093041
Horror,tt0093115
Horror,tt0093346
Horror,tt0093468
Horror,tt0093608
Horror,tt0093614
Horror,tt0093777
Horror,tt0093995
Horror,tt0094015
Horror,tt0094124
Horror,tt0094271
Horror,tt0094591
Horror,tt0094642
Horror,tt0094730
Horror,tt0094762
Horror,tt0094860
Horror,tt0094886
Horror,tt0094929
Horror,tt0094962
Horror,tt0094975
Horror,tt0094976
Horror,tt0094996
Horror,tt0095063
Horror,tt0095175
Horror,tt0095256
Horror,tt0095278
Horror,tt0095285
Horror,tt0095314
Horror,tt0095332
Horror,tt0095350
Horror,tt0095414
Horror,tt0095423
Horror,tt0095557
Horror,tt0095716
Horror,tt0095740
Horror,tt0095742
Horror,tt0095900
Horror,tt0095922
Horror,tt0095942
Horror,tt0096335
Horror,tt0096340
Horror,tt0096344
Horror,tt0096453
Horror,tt0096467
Horror,tt0096871
Horror,tt0096920
Horror,tt0097037
Horror,tt0097059
Horror,tt0097305
Horror,tt0097307
Horror,tt0097456
Horror,tt0097498
Horror,tt0097527
Horror,tt0097534
Horror,tt0097718
Horror,tt0097929
Horror,tt0097972
Horror,tt0097973
Horror,tt0098014
Horror,tt0098150
Horror,tt0098397
Horror,tt0098600
Horror,tt0098986
Horror,tt0099235
Horror,tt0099381
Horror,tt0099384
Horror,tt0099395
Horror,tt0099401
Horror,tt0099496
Horror,tt0099523
Horror,tt0099562
Horror,tt0099697
Horror,tt0099749
Horror,tt0099934
Horror,tt0100038
Horror,tt0100108
Horror,tt0100247
Horror,tt0100258
Horror,tt0100324
Horror,tt0100581
Horror,tt0100662
Horror,tt0100672
Horror,tt0100827
Horror,tt0100888
Horror,tt0100943
Horror,tt0101256
Horror,tt0101467
Horror,tt0101474
Horror,tt0101538
Horror,tt0101636
Horror,tt0101670
Horror,tt0102522
Horror,tt0102545
Horror,tt0103802
Horror,tt0103874
Horror,tt0103898
Horror,tt0103957
Horror,tt0104029
Horror,tt0104239
Horror,tt0104409
Horror,tt0104455
Horror,tt0104987
Horror,tt0105242
Horror,tt0105245
Horror,tt0105446
Horror,tt0105759
Horror,tt0105857
Horror,tt0106373
Horror,tt0106636
Horror,tt0106698
Horror,tt0107038
Horror,tt0107571
Horror,tt0107618
Horror,tt0107664
Horror,tt0107764
Horror,tt0107953
Horror,tt0108053
Horror,tt0108350
Horror,tt0108447
Horror,tt0108640
Horror,tt0109449
Horror,tt0109595
Horror,tt0109809
Horror,tt0109924
Horror,tt0110530
Horror,tt0111037
Horror,tt0111159
Horror,tt0111558
Horror,tt0112525
Horror,tt0112939
Horror,tt0113043
Horror,tt0113111
Horror,tt0113175
Horror,tt0113221
Horror,tt0113361
Horror,tt0113449
Horror,tt0114334
Horror,tt0114466
Horror,tt0114957
Horror,tt0115564
Horror,tt0115813
Horror,tt0116050
Horror,tt0116075
Horror,tt0116178
Horror,tt0116616
Horror,tt0116769
Horror,tt0117140
Horror,tt0117549
Horror,tt0119240
Horror,tt0119279
Horror,tt0119477
Horror,tt0119588
Horror,tt0119889
Horror,tt0121152
Horror,tt0122008
Horror,tt0122685
Horror,tt0124442
Horror,tt0124501
Horror,tt0126527
Horror,tt0126820
Horror,tt0127282
Horror,tt0128451
Horror,tt0128823
Horror,tt0129358
Horror,tt0129851
Horror,tt0129855
Horror,tt0130040
Horror,tt0130216
Horror,tt0130650
Horror,tt0130927
Horror,tt0131449
Horror,tt0131510
Horror,tt0132184
Horror,tt0134167
Horror,tt0135444
Horror,tt0136376
Horror,tt0138050
Horror,tt0138647
Horror,tt0139421
Horror,tt0140067
Horror,tt0140533
Horror,tt0140581
Horror,tt0141861
Horror,tt0141897
Horror,tt0141996
Horror,tt0142257
Horror,tt0142906
Horror,tt0144547
Horror,tt0145531
Horror,tt0147972
Horror,tt0148710
Horror,tt0149016
Horror,tt0150931
Horror,tt0155278
Horror,tt0155681
Horror,tt0156329
Horror,tt0156843
Horror,tt0157981
Horror,tt0158011
Horror,tt0159693
Horror,tt0162945
Horror,tt0163000
Horror,tt0163582
Horror,tt0163716
Horror,tt0163985
Horror,tt0164393
Horror,tt0164402
Horror,tt0166681
Horror,tt0167107
Horror,tt0167147
Horror,tt0167284
Horror,tt0167438
Horror,tt0167851
Horror,tt0171084
Horror,tt0171339
Horror,tt0171497
Horror,tt0171512
Horror,tt0173866
Horror,tt0175323
Horror,tt0177766
Horror,tt0179334
Horror,tt0180274
Horror,tt0183817
Horror,tt0183882
Horror,tt0184463
Horror,tt0184649
Horror,tt0185976
Horror,tt0186993
Horror,tt0187152
Horror,tt0187530
Horror,tt0188527
Horror,tt0188647
Horror,tt0189727
Horror,tt0190232
Horror,tt0190273
Horror,tt0191176
Horror,tt0193879
Horror,tt0196000
Horror,tt0197857
Horror,tt0199031
Horror,tt0199439
Horror,tt0200301
Horror,tt0202423
Horror,tt0202496
Horror,tt0202884
Horror,tt0202942
Horror,tt0203635
Horror,tt0204515
Horror,tt0206154
Horror,tt0206427
Horror,tt0213512
Horror,tt0215704
Horror,tt0215960
Horror,tt0219096
Horror,tt0219275
Horror,tt0220307
Horror,tt0222344
Horror,tt0222512
Horror,tt0223128
Horror,tt0223848
Horror,tt0226701
Horror,tt0228121
Horror,tt0228158
Horror,tt0228182
Horror,tt0228183
Horror,tt0230379
Horror,tt0231496
Horror,tt0233004
Horror,tt0234324
Horror,tt0234748
Horror,tt0234817
Horror,tt0235393
Horror,tt0235406
Horror,tt0235555
Horror,tt0236126
Horror,tt0236502
Horror,tt0237680
Horror,tt0240585
Horror,tt0240736
Horror,tt0241526
Horror,tt0243650
Horror,tt0244098
Horror,tt0244099
Horror,tt0244167
Horror,tt0244808
Horror,tt0244941
Horror,tt0245567
Horror,tt0246124
Horror,tt0246231
Horror,tt0248535
Horror,tt0249218
Horror,tt0249506
Horror,tt0250698
Horror,tt0251736
Horror,tt0253700
Horror,tt0255237
Horror,tt0255702
Horror,tt0257844
Horror,tt0260303
Horror,tt0263005
Horror,tt0264675
Horror,tt0265587
Horror,tt0266464
Horror,tt0266875
Horror,tt0269401
Horror,tt0272063
Horror,tt0272069
Horror,tt0272141
Horror,tt0273057
Horror,tt0273302
Horror,tt0273517
Horror,tt0278408
Horror,tt0279474
Horror,tt0279688
Horror,tt0281048
Horror,tt0285976
Horror,tt0286055
Horror,tt0288477
Horror,tt0288905
Horror,tt0289424
Horror,tt0289911
Horror,tt0291272
Horror,tt0291286
Horror,tt0292346
Horror,tt0295884
Horror,tt0296177
Horror,tt0298943
Horror,tt0299551
Horror,tt0299555
Horror,tt0301345
Horror,tt0301470
Horror,tt0302356
Horror,tt0303058
Horror,tt0304166
Horror,tt0304355
Horror,tt0304818
Horror,tt0308049
Horror,tt0308252
Horror,tt0312450
Horror,tt0316886
Horror,tt0320187
Horror,tt0321432
Horror,tt0323246
Horror,tt0324216
Horror,tt0325214
Horror,tt0326791
Horror,tt0331334
Horror,tt0331906
Horror,tt0337659
Horror,tt0337910
Horror,tt0338095
Horror,tt0338726
Horror,tt0339464
Horror,tt0339736
Horror,tt0344290
Horror,tt0346609
Horror,tt0346898
Horror,tt0348225
Horror,tt0348226
Horror,tt0349333
Horror,tt0352420
Horror,tt0357414
Horror,tt0359658
Horror,tt0364385
Horror,tt0372859
Horror,tt0372975
Horror,tt0373883
Horror,tt0374076
Horror,tt0374718
Horror,tt0377707
Horror,tt0377720
Horror,tt0380527
Horror,tt0384537
Horror,tt0384806
Horror,tt0385560
Horror,tt0385639
Horror,tt0387254
Horror,tt0387460
Horror,tt0389360
Horror,tt0390624
Horror,tt0393392
Horror,tt0393939
Horror,tt0395584
Horror,tt0397636
Horror,tt0401271
Horror,tt0403267
Horror,tt0404031
Horror,tt0405055
Horror,tt0407621
Horror,tt0410537
Horror,tt0411954
Horror,tt0416207
Horror,tt0416481
Horror,tt0417287
Horror,tt0417686
Horror,tt0418627
Horror,tt0418905
Horror,tt0419217
Horror,tt0419280
Horror,tt0419679
Horror,tt0419797
Horror,tt0420158
Horror,tt0420251
Horror,tt0421007
Horror,tt0421593
Horror,tt0422037
Horror,tt0422779
Horror,tt0424856
Horror,tt0425170
Horror,tt0428251
Horror,tt0430239
Horror,tt0433000
Horror,tt0433360
Horror,tt0433482
Horror,tt0435631
Horror,tt0435653
Horror,tt0435678
Horror,tt0436359
Horror,tt0436701
Horror,tt0436774
Horror,tt0441821
Horror,tt0443231
Horror,tt0443756
Horror,tt0445061
Horror,tt0445483
Horror,tt0445948
Horror,tt0448002
Horror,tt0448707
Horror,tt0448923
Horror,tt0449519
Horror,tt0449778
Horror,tt0450004
Horror,tt0450087
Horror,tt0450184
Horror,tt0450278
Horror,tt0450497
Horror,tt0451060
Horror,tt0451109
Horror,tt0451142
Horror,tt0451154
Horror,tt0451197
Horror,tt0451201
Horror,tt0452636
Horror,tt0452675
Horror,tt0452766
Horror,tt0453460
Horror,tt0453543
Horror,tt0454082
Horror,tt0455961
Horror,tt0455997
Horror,tt0456069
Horror,tt0457148
Horror,tt0460556
Horror,tt0460852
Horror,tt0462193
Horror,tt0462308
Horror,tt0462516
Horror,tt0462517
Horror,tt0463392
Horror,tt0465485
Horror,tt0465670
Horror,tt0466978
Horror,tt0467684
Horror,tt0468464
Horror,tt0468774
Horror,tt0468862
Horror,tt0469683
Horror,tt0469979
Horror,tt0470967
Horror,tt0470993
Horror,tt0471011
Horror,tt0472073
Horror,tt0472465
Horror,tt0472571
Horror,tt0473393
Horror,tt0473738
Horror,tt0474962
Horror,tt0474963
Horror,tt0475338
Horror,tt0476649
Horror,tt0478135
Horror,tt0478137
Horror,tt0478267
Horror,tt0478303
Horror,tt0478321
Horror,tt0479199
Horror,tt0479887
Horror,tt0480777
Horror,tt0481280
Horror,tt0481430
Horror,tt0481598
Horror,tt0481610
Horror,tt0482537
Horror,tt0482577
Horror,tt0483083
Horror,tt0483200
Horror,tt0483908
Horror,tt0485701
Horror,tt0486614
Horror,tt0486619
Horror,tt0486771
Horror,tt0487400
Horror,tt0488103
Horror,tt0488309
Horror,tt0488310
Horror,tt0488334
Horror,tt0488967
Horror,tt0489019
Horror,tt0489024
Horror,tt0489244
Horror,tt0489842
Horror,tt0490076
Horror,tt0490161
Horror,tt0490527
Horror,tt0491000
Horror,tt0491534
Horror,tt0491777
Horror,tt0493849
Horror,tt0494237
Horror,tt0494505
Horror,tt0496223
Horror,tt0497432
Horror,tt0497477
Horror,tt0498390
Horror,tt0499456
Horror,tt0499601
Horror,tt0756689
Horror,tt0758781
Horror,tt0760169
Horror,tt0760319
Horror,tt0770745
Horror,tt0772197
Horror,tt0778671
Horror,tt0780049
Horror,tt0780506
Horror,tt0780583
Horror,tt0780591
Horror,tt0783492
Horror,tt0788017
Horror,tt0791321
Horror,tt0793572
Horror,tt0799913
Horror,tt0800255
Horror,tt0800361
Horror,tt0802956
Horror,tt0803003
Horror,tt0803019
Horror,tt0806008
Horror,tt0808332
Horror,tt0810444
Horror,tt0810811
Horror,tt0811094
Horror,tt0813551
Horror,tt0814100
Horror,tt0814343
Horror,tt0814685
Horror,tt0817928
Horror,tt0818874
Horror,tt0819839
Horror,tt0820037
Horror,tt0825342
Horror,tt0828159
Horror,tt0834904
Horror,tt0834942
Horror,tt0835419
Horror,tt0836683
Horror,tt0837791
Horror,tt0837796
Horror,tt0841993
Horror,tt0844321
Horror,tt0847212
Horror,tt0848551
Horror,tt0852940
Horror,tt0852996
Horror,tt0854670
Horror,tt0856288
Horror,tt0860835
Horror,tt0863095
Horror,tt0864331
Horror,tt0867294
Horror,tt0869039
Horror,tt0884237
Horror,tt0887143
Horror,tt0888019
Horror,tt0888071
Horror,tt0892056
Horror,tt0892109
Horror,tt0892117
Horror,tt0893534
Horror,tt0896534
Horror,tt0898905
Horror,tt0902274
Horror,tt0907681
Horror,tt0914799
Horror,tt0923683
Horror,tt0926085
Horror,tt0927595
Horror,tt0927615
Horror,tt0927627
Horror,tt0944236
Horror,tt0945587
Horror,tt0946984
Horror,tt0958863
Horror,tt0960855
Horror,tt0961722
Horror,tt0968738
Horror,tt0971204
Horror,tt0976024
Horror,tt0978797
Horror,tt0989654
Horror,tt0997143
Horror,tt0999970
Horror,tt0999972
Horror,tt1002974
Horror,tt1003005
Horror,tt1003059
Horror,tt1006907
Horror,tt1010012
Horror,tt1014693
Horror,tt1014798
Horror,tt1015987
Horror,tt1016019
Horror,tt1029234
Horror,tt1032749
Horror,tt1034305
Horror,tt1038902
Horror,tt1039985
Horror,tt1042503
Horror,tt1043791
Horror,tt1046930
Horror,tt1047660
Horror,tt1050001
Horror,tt1051253
Horror,tt1054115
Horror,tt1057576
Horror,tt1059828
Horror,tt1064953
Horror,tt1066310
Horror,tt1067071
Horror,tt1068961
Horror,tt1070750
Horror,tt1073240
Horror,tt1073242
Horror,tt1086368
Horror,tt1087445
Horror,tt1091224
Horror,tt1096991
Horror,tt1098337
Horror,tt1100022
Horror,tt1105731
Horror,tt1111235
Horror,tt1111831
Horror,tt1122765
Horror,tt1124394
Horror,tt1128214
Horror,tt1129390
Horror,tt1129431
Horror,tt1132438
Horror,tt1135781
Horror,tt1137448
Horror,tt1139796
Horror,tt1141253
Horror,tt1148200
Horror,tt1151318
Horror,tt1151911
Horror,tt1156300
Horror,tt1160374
Horror,tt1161404
Horror,tt1172070
Horror,tt1172994
Horror,tt1179071
Horror,tt1188674
Horror,tt1193622
Horror,tt1198053
Horror,tt1212023
Horror,tt1218509
Horror,tt1221927
Horror,tt1223980
Horror,tt1224436
Horror,tt1229404
Horror,tt1229786
Horror,tt1231273
Horror,tt1231600
Horror,tt1234947
Horror,tt1235811
Horror,tt1259521
Horror,tt1261935
Horror,tt1262413
Horror,tt1263687
Horror,tt1264098
Horror,tt1268208
Horror,tt1270767
Horror,tt1276982
Horror,tt1285009
Horror,tt1285219
Horror,tt1286765
Horror,tt1288399
Horror,tt1288636
Horror,tt1291582
Horror,tt1294165
Horror,tt1305112
Horror,tt1306967
Horror,tt1307930
Horror,tt1307972
Horror,tt1308660
Horror,tt1308748
Horror,tt1311063
Horror,tt1311067
Horror,tt1311672
Horror,tt1312230
Horror,tt1313244
Horror,tt1313876
Horror,tt1314170
Horror,tt1314246
Horror,tt1314363
Horror,tt1318056
Horror,tt1322306
Horror,tt1329396
Horror,tt1331302
Horror,tt1334526
Horror,tt1334558
Horror,tt1337505
Horror,tt1337589
Horror,tt1338635
Horror,tt1339098
Horror,tt1341335
Horror,tt1341710
Horror,tt1376168
Horror,tt1377290
Horror,tt1378238
Horror,tt1380281
Horror,tt1387366
Horror,tt1395146
Horror,tt1395147
Horror,tt1396219
Horror,tt1396484
Horror,tt1412697
Horror,tt1421049
Horror,tt1424066
Horror,tt1425252
Horror,tt1425253
Horror,tt1430077
Horror,tt1430620
Horror,tt1433089
Horror,tt1441436
Horror,tt1442492
Horror,tt1446498
Horror,tt1450672
Horror,tt1453954
Horror,tt1454099
Horror,tt1461395
Horror,tt1467304
Horror,tt1468381
Horror,tt1468730
Horror,tt1472195
Horror,tt1473361
Horror,tt1489154
Horror,tt1491603
Horror,tt1493798
Horror,tt1493858
Horror,tt1495818
Horror,tt1496884
Horror,tt1498568
Horror,tt1499302
Horror,tt1508349
Horror,tt1508661
Horror,tt1512228
Horror,tt1515199
Horror,tt1517228
Horror,tt1522157
Horror,tt1522846
Horror,tt1529231
Horror,tt1529558
Horror,tt1535098
Horror,tt1535104
Horror,tt1535617
Horror,tt1536044
Horror,tt1540767
Horror,tt1543004
Horror,tt1548553
Horror,tt1552423
Horror,tt1555895
Horror,tt1559033
Horror,tt1560950
Horror,tt1560985
Horror,tt1569933
Horror,tt1571247
Horror,tt1572194
Horror,tt1572773
Horror,tt1573485
Horror,tt1577050
Horror,tt1577055
Horror,tt1579956
Horror,tt1581839
