Genre,Imdb Title Id
Comedy,tt0003973
Comedy,tt0004707
Comedy,tt0006327
Comedy,tt0006809
Comedy,tt0007309
Comedy,tt0008011
Comedy,tt0008672
Comedy,tt0008679
Comedy,tt0009062
Comedy,tt0009893
Comedy,tt0010071
Comedy,tt0010162
Comedy,tt0010267
Comedy,tt0010456
Comedy,tt0010925
Comedy,tt0011193
Comedy,tt0011641
Comedy,tt0011652
Comedy,tt0011948
Comedy,tt0012136
Comedy,tt0012382
Comedy,tt0012642
Comedy,tt0014358
Comedy,tt0014538
Comedy,tt0014900
Comedy,tt0014925
Comedy,tt0015002
Comedy,tt0015119
Comedy,tt0015167
Comedy,tt0015200
Comedy,tt0015909
Comedy,tt0016004
Comedy,tt0016308
Comedy,tt0016394
Comedy,tt0016559
Comedy,tt0016854
Comedy,tt0016871
Comedy,tt0016971
Comedy,tt0017029
Comedy,tt0017119
Comedy,tt0017184
Comedy,tt0017293
Comedy,tt0017338
Comedy,tt0017409
Comedy,tt0017410
Comedy,tt0017437
Comedy,tt0017860
Comedy,tt0018102
Comedy,tt0018268
Comedy,tt0018351
Comedy,tt0018440
Comedy,tt0018523
Comedy,tt0018678
Comedy,tt0018722
Comedy,tt0018756
Comedy,tt0018826
Comedy,tt0018841
Comedy,tt0018882
Comedy,tt0019480
Comedy,tt0019796
Comedy,tt0019929
Comedy,tt0020014
Comedy,tt0020114
Comedy,tt0020228
Comedy,tt0020431
Comedy,tt0020442
Comedy,tt0020490
Comedy,tt0020563
Comedy,tt0020572
Comedy,tt0020754
Comedy,tt0020758
Comedy,tt0021132
Comedy,tt0021268
Comedy,tt0021322
Comedy,tt0021550
Comedy,tt0021606
Comedy,tt0021695
Comedy,tt0021697
Comedy,tt0021707
Comedy,tt0021829
Comedy,tt0021910
Comedy,tt0021985
Comedy,tt0022056
Comedy,tt0022117
Comedy,tt0022121
Comedy,tt0022223
Comedy,tt0022254
Comedy,tt0022274
Comedy,tt0022326
Comedy,tt0022535
Comedy,tt0022718
Comedy,tt0022731
Comedy,tt0022789
Comedy,tt0022802
Comedy,tt0022924
Comedy,tt0022961
Comedy,tt0023007
Comedy,tt0023302
Comedy,tt0023322
Comedy,tt0023498
Comedy,tt0023584
Comedy,tt0023677
Comedy,tt0023716
Comedy,tt0024078
Comedy,tt0024092
Comedy,tt0024183
Comedy,tt0024320
Comedy,tt0024601
Comedy,tt0024664
Comedy,tt0024672
Comedy,tt0024696
Comedy,tt0024762
Comedy,tt0024892
Comedy,tt0024939
Comedy,tt0024951
Comedy,tt0024961
Comedy,tt0024981
Comedy,tt0025043
Comedy,tt0025194
Comedy,tt0025318
Comedy,tt0025494
Comedy,tt0025590
Comedy,tt0025785
Comedy,tt0025797
Comedy,tt0025799
Comedy,tt0025805
Comedy,tt0025966
Comedy,tt0025973
Comedy,tt0026017
Comedy,tt0026126
Comedy,tt0026132
Comedy,tt0026179
Comedy,tt0026292
Comedy,tt0026446
Comedy,tt0026524
Comedy,tt0026534
Comedy,tt0026629
Comedy,tt0026675
Comedy,tt0026676
Comedy,tt0026984
Comedy,tt0027090
Comedy,tt0027276
Comedy,tt0027470
Comedy,tt0027503
Comedy,tt0027552
Comedy,tt0027562
Comedy,tt0027683
Comedy,tt0027684
Comedy,tt0027908
Comedy,tt0027969
Comedy,tt0027978
Comedy,tt0027979
Comedy,tt0027987
Comedy,tt0028070
Comedy,tt0028117
Comedy,tt0028120
Comedy,tt0028201
Comedy,tt0028270
Comedy,tt0028286
Comedy,tt0028353
Comedy,tt0028371
Comedy,tt0028483
Comedy,tt0028496
Comedy,tt0028509
Comedy,tt0028568
Comedy,tt0028679
Comedy,tt0028758
Comedy,tt0028799
Comedy,tt0028850
Comedy,tt0028860
Comedy,tt0028874
Comedy,tt0028945
Comedy,tt0029157
Comedy,tt0029218
Comedy,tt0029335
Comedy,tt0029365
Comedy,tt0029388
Comedy,tt0029391
Comedy,tt0029446
Comedy,tt0029609
Comedy,tt0029685
Comedy,tt0029786
Comedy,tt0029817
Comedy,tt0029831
Comedy,tt0029845
Comedy,tt0029849
Comedy,tt0029940
Comedy,tt0030066
Comedy,tt0030184
Comedy,tt0030231
Comedy,tt0030518
Comedy,tt0030631
Comedy,tt0030652
Comedy,tt0030696
Comedy,tt0030722
Comedy,tt0030732
Comedy,tt0030746
Comedy,tt0030864
Comedy,tt0030867
Comedy,tt0030881
Comedy,tt0030900
Comedy,tt0031106
Comedy,tt0031158
Comedy,tt0031161
Comedy,tt0031178
Comedy,tt0031345
Comedy,tt0031383
Comedy,tt0031403
Comedy,tt0031517
Comedy,tt0031641
Comedy,tt0031716
Comedy,tt0032125
Comedy,tt0032128
Comedy,tt0032152
Comedy,tt0032186
Comedy,tt0032234
Comedy,tt0032261
Comedy,tt0032262
Comedy,tt0032263
Comedy,tt0032286
Comedy,tt0032305
Comedy,tt0032323
Comedy,tt0032339
Comedy,tt0032554
Comedy,tt0032556
Comedy,tt0032575
Comedy,tt0032576
Comedy,tt0032596
Comedy,tt0032703
Comedy,tt0032742
Comedy,tt0032786
Comedy,tt0032925
Comedy,tt0032961
Comedy,tt0033017
Comedy,tt0033022
Comedy,tt0033131
Comedy,tt0033153
Comedy,tt0033154
Comedy,tt0033224
Comedy,tt0033229
Comedy,tt0033279
Comedy,tt0033379
Comedy,tt0033398
Comedy,tt0033404
Comedy,tt0033596
Comedy,tt0033661
Comedy,tt0033708
Comedy,tt0033725
Comedy,tt0033739
Comedy,tt0033850
Comedy,tt0033868
Comedy,tt0033883
Comedy,tt0033907
Comedy,tt0033912
Comedy,tt0033948
Comedy,tt0033963
Comedy,tt0033986
Comedy,tt0033994
Comedy,tt0034076
Comedy,tt0034178
Comedy,tt0034193
Comedy,tt0034274
Comedy,tt0034282
Comedy,tt0034378
Comedy,tt0034411
Comedy,tt0034488
Comedy,tt0034525
Comedy,tt0034527
Comedy,tt0034597
Comedy,tt0034618
Comedy,tt0034695
Comedy,tt0034780
Comedy,tt0034801
Comedy,tt0034810
Comedy,tt0034973
Comedy,tt0035016
Comedy,tt0035039
Comedy,tt0035052
Comedy,tt0035059
Comedy,tt0035060
Comedy,tt0035095
Comedy,tt0035100
Comedy,tt0035105
Comedy,tt0035131
Comedy,tt0035183
Comedy,tt0035413
Comedy,tt0035427
Comedy,tt0035480
Comedy,tt0035771
Comedy,tt0035940
Comedy,tt0035941
Comedy,tt0035945
Comedy,tt0035984
Comedy,tt0036049
Comedy,tt0036149
Comedy,tt0036155
Comedy,tt0036175
Comedy,tt0036210
Comedy,tt0036368
Comedy,tt0036552
Comedy,tt0036553
Comedy,tt0036650
Comedy,tt0036671
Comedy,tt0036699
Comedy,tt0036776
Comedy,tt0036818
Comedy,tt0036877
Comedy,tt0036909
Comedy,tt0037074
Comedy,tt0037138
Comedy,tt0037149
Comedy,tt0037158
Comedy,tt0037190
Comedy,tt0037211
Comedy,tt0037232
Comedy,tt0037332
Comedy,tt0037352
Comedy,tt0037421
Comedy,tt0037492
Comedy,tt0037530
Comedy,tt0037557
Comedy,tt0037607
Comedy,tt0037609
Comedy,tt0037714
Comedy,tt0037785
Comedy,tt0037823
Comedy,tt0037840
Comedy,tt0037848
Comedy,tt0037866
Comedy,tt0037892
Comedy,tt0037930
Comedy,tt0037966
Comedy,tt0037990
Comedy,tt0038045
Comedy,tt0038083
Comedy,tt0038197
Comedy,tt0038219
Comedy,tt0038228
Comedy,tt0038367
Comedy,tt0038368
Comedy,tt0038652
Comedy,tt0038676
Comedy,tt0038680
Comedy,tt0038691
Comedy,tt0038694
Comedy,tt0038761
Comedy,tt0038773
Comedy,tt0038777
Comedy,tt0038779
Comedy,tt0038826
Comedy,tt0038830
Comedy,tt0038832
Comedy,tt0038938
Comedy,tt0039053
Comedy,tt0039073
Comedy,tt0039200
Comedy,tt0039201
Comedy,tt0039202
Comedy,tt0039203
Comedy,tt0039342
Comedy,tt0039405
Comedy,tt0039451
Comedy,tt0039472
Comedy,tt0039485
Comedy,tt0039503
Comedy,tt0039556
Comedy,tt0039566
Comedy,tt0039568
Comedy,tt0039656
Comedy,tt0039688
Comedy,tt0039745
Comedy,tt0039811
Comedy,tt0039825
Comedy,tt0039893
Comedy,tt0039975
Comedy,tt0040089
Comedy,tt0040173
Comedy,tt0040174
Comedy,tt0040342
Comedy,tt0040349
Comedy,tt0040352
Comedy,tt0040432
Comedy,tt0040464
Comedy,tt0040473
Comedy,tt0040499
Comedy,tt0040577
Comedy,tt0040602
Comedy,tt0040646
Comedy,tt0040652
Comedy,tt0040810
Comedy,tt0040816
Comedy,tt0040830
Comedy,tt0040891
Comedy,tt0041188
Comedy,tt0041189
Comedy,tt0041255
Comedy,tt0041286
Comedy,tt0041423
Comedy,tt0041489
Comedy,tt0041504
Comedy,tt0041526
Comedy,tt0041549
Comedy,tt0041550
Comedy,tt0041613
Comedy,tt0041652
Comedy,tt0041659
Comedy,tt0041662
Comedy,tt0041710
Comedy,tt0041737
Comedy,tt0041831
Comedy,tt0041974
Comedy,tt0041975
Comedy,tt0042028
Comedy,tt0042051
Comedy,tt0042067
Comedy,tt0042175
Comedy,tt0042210
Comedy,tt0042243
Comedy,tt0042247
Comedy,tt0042263
Comedy,tt0042316
Comedy,tt0042318
Comedy,tt0042429
Comedy,tt0042519
Comedy,tt0042541
Comedy,tt0042548
Comedy,tt0042610
Comedy,tt0042649
Comedy,tt0042733
Comedy,tt0042736
Comedy,tt0042780
Comedy,tt0042858
Comedy,tt0042859
Comedy,tt0042893
Comedy,tt0042974
Comedy,tt0043043
Comedy,tt0043057
Comedy,tt0043058
Comedy,tt0043059
Comedy,tt0043127
Comedy,tt0043141
Comedy,tt0043161
Comedy,tt0043299
Comedy,tt0043355
Comedy,tt0043393
Comedy,tt0043454
Comedy,tt0043499
Comedy,tt0043520
Comedy,tt0043574
Comedy,tt0043603
Comedy,tt0043616
Comedy,tt0043622
Comedy,tt0043699
Comedy,tt0043719
Comedy,tt0043721
Comedy,tt0043727
Comedy,tt0043735
Comedy,tt0043767
Comedy,tt0043772
Comedy,tt0043777
Comedy,tt0043818
Comedy,tt0043820
Comedy,tt0043873
Comedy,tt0043884
Comedy,tt0043902
Comedy,tt0043918
Comedy,tt0043966
Comedy,tt0044084
Comedy,tt0044140
Comedy,tt0044191
Comedy,tt0044388
Comedy,tt0044410
Comedy,tt0044436
Comedy,tt0044441
Comedy,tt0044489
Comedy,tt0044504
Comedy,tt0044563
Comedy,tt0044566
Comedy,tt0044608
Comedy,tt0044612
Comedy,tt0044619
Comedy,tt0044626
Comedy,tt0044662
Comedy,tt0044687
Comedy,tt0044700
Comedy,tt0044701
Comedy,tt0044781
Comedy,tt0044793
Comedy,tt0044864
Comedy,tt0044913
Comedy,tt0044969
Comedy,tt0044970
Comedy,tt0045056
Comedy,tt0045081
Comedy,tt0045084
Comedy,tt0045102
Comedy,tt0045115
Comedy,tt0045173
Comedy,tt0045235
Comedy,tt0045239
Comedy,tt0045243
Comedy,tt0045247
Comedy,tt0045248
Comedy,tt0045257
Comedy,tt0045265
Comedy,tt0045357
Comedy,tt0045498
Comedy,tt0045554
Comedy,tt0045633
Comedy,tt0045664
Comedy,tt0045712
Comedy,tt0045730
Comedy,tt0045735
Comedy,tt0045754
Comedy,tt0045755
Comedy,tt0045782
Comedy,tt0045808
Comedy,tt0045854
Comedy,tt0045926
Comedy,tt0045982
Comedy,tt0046020
Comedy,tt0046056
Comedy,tt0046081
Comedy,tt0046172
Comedy,tt0046173
Comedy,tt0046283
Comedy,tt0046409
Comedy,tt0046436
Comedy,tt0046464
Comedy,tt0046465
Comedy,tt0046470
Comedy,tt0046483
Comedy,tt0046487
Comedy,tt0046551
Comedy,tt0046677
Comedy,tt0046705
Comedy,tt0046921
Comedy,tt0047015
Comedy,tt0047062
Comedy,tt0047085
Comedy,tt0047089
Comedy,tt0047138
Comedy,tt0047152
Comedy,tt0047158
Comedy,tt0047180
Comedy,tt0047197
Comedy,tt0047224
Comedy,tt0047238
Comedy,tt0047250
Comedy,tt0047287
Comedy,tt0047298
Comedy,tt0047310
Comedy,tt0047331
Comedy,tt0047338
Comedy,tt0047358
Comedy,tt0047466
Comedy,tt0047582
Comedy,tt0047589
Comedy,tt0047595
Comedy,tt0047598
Comedy,tt0047696
Comedy,tt0047799
Comedy,tt0047839
Comedy,tt0047853
Comedy,tt0047870
Comedy,tt0047871
Comedy,tt0047948
Comedy,tt0047951
Comedy,tt0047986
Comedy,tt0047998
Comedy,tt0048001
Comedy,tt0048002
Comedy,tt0048014
Comedy,tt0048039
Comedy,tt0048104
Comedy,tt0048166
Comedy,tt0048170
Comedy,tt0048183
Comedy,tt0048207
Comedy,tt0048222
Comedy,tt0048232
Comedy,tt0048253
Comedy,tt0048326
Comedy,tt0048333
Comedy,tt0048334
Comedy,tt0048346
Comedy,tt0048362
Comedy,tt0048458
Comedy,tt0048459
Comedy,tt0048480
Comedy,tt0048481
Comedy,tt0048489
Comedy,tt0048530
Comedy,tt0048546
Comedy,tt0048617
Comedy,tt0048621
Comedy,tt0048653
Comedy,tt0048739
Comedy,tt0048740
Comedy,tt0048833
Comedy,tt0048974
Comedy,tt0048981
Comedy,tt0049008
Comedy,tt0049009
Comedy,tt0049042
Comedy,tt0049098
Comedy,tt0049120
Comedy,tt0049143
Comedy,tt0049153
Comedy,tt0049163
Comedy,tt0049182
Comedy,tt0049281
Comedy,tt0049336
Comedy,tt0049369
Comedy,tt0049404
Comedy,tt0049427
Comedy,tt0049443
Comedy,tt0049451
Comedy,tt0049497
Comedy,tt0049498
Comedy,tt0049589
Comedy,tt0049607
Comedy,tt0049717
Comedy,tt0049765
Comedy,tt0049771
Comedy,tt0049841
Comedy,tt0049865
Comedy,tt0049867
Comedy,tt0049868
Comedy,tt0049873
Comedy,tt0049886
Comedy,tt0049906
Comedy,tt0049948
Comedy,tt0049951
Comedy,tt0049988
Comedy,tt0050100
Comedy,tt0050139
Comedy,tt0050168
Comedy,tt0050214
Comedy,tt0050243
Comedy,tt0050260
Comedy,tt0050263
Comedy,tt0050301
Comedy,tt0050323
Comedy,tt0050332
Comedy,tt0050398
Comedy,tt0050406
Comedy,tt0050456
Comedy,tt0050483
Comedy,tt0050515
Comedy,tt0050564
Comedy,tt0050580
Comedy,tt0050590
Comedy,tt0050654
Comedy,tt0050660
Comedy,tt0050691
Comedy,tt0050698
Comedy,tt0050706
Comedy,tt0050738
Comedy,tt0050749
Comedy,tt0050777
Comedy,tt0050784
Comedy,tt0050795
Comedy,tt0050813
Comedy,tt0050818
Comedy,tt0050831
Comedy,tt0050832
Comedy,tt0050833
Comedy,tt0050910
Comedy,tt0050922
Comedy,tt0050960
Comedy,tt0050984
Comedy,tt0050985
Comedy,tt0051074
Comedy,tt0051080
Comedy,tt0051097
Comedy,tt0051133
Comedy,tt0051143
Comedy,tt0051163
Comedy,tt0051235
Comedy,tt0051241
Comedy,tt0051346
Comedy,tt0051360
Comedy,tt0051391
Comedy,tt0051423
Comedy,tt0051475
Comedy,tt0051509
Comedy,tt0051598
Comedy,tt0051649
Comedy,tt0051695
Comedy,tt0051707
Comedy,tt0051721
Comedy,tt0051739
Comedy,tt0051768
Comedy,tt0051771
Comedy,tt0051838
Comedy,tt0051851
Comedy,tt0051863
Comedy,tt0051989
Comedy,tt0052016
Comedy,tt0052046
Comedy,tt0052057
Comedy,tt0052117
Comedy,tt0052147
Comedy,tt0052209
Comedy,tt0052211
Comedy,tt0052214
Comedy,tt0052264
Comedy,tt0052276
Comedy,tt0052291
Comedy,tt0052306
Comedy,tt0052307
Comedy,tt0052309
Comedy,tt0052310
Comedy,tt0052334
Comedy,tt0052343
Comedy,tt0052350
Comedy,tt0052352
Comedy,tt0052363
Comedy,tt0052400
Comedy,tt0052432
Comedy,tt0052575
Comedy,tt0052607
Comedy,tt0052649
Comedy,tt0052668
Comedy,tt0052672
Comedy,tt0052686
Comedy,tt0052749
Comedy,tt0052780
Comedy,tt0052795
Comedy,tt0052815
Comedy,tt0052847
Comedy,tt0052860
Comedy,tt0052878
Comedy,tt0052897
Comedy,tt0052911
Comedy,tt0052915
Comedy,tt0052920
Comedy,tt0052921
Comedy,tt0052933
Comedy,tt0052985
Comedy,tt0053038
Comedy,tt0053043
Comedy,tt0053044
Comedy,tt0053081
Comedy,tt0053084
Comedy,tt0053100
Comedy,tt0053174
Comedy,tt0053185
Comedy,tt0053214
Comedy,tt0053224
Comedy,tt0053252
Comedy,tt0053333
Comedy,tt0053339
Comedy,tt0053342
Comedy,tt0053370
Comedy,tt0053371
Comedy,tt0053373
Comedy,tt0053403
Comedy,tt0053417
Comedy,tt0053600
Comedy,tt0053635
Comedy,tt0053644
Comedy,tt0053648
Comedy,tt0053661
Comedy,tt0053668
Comedy,tt0053683
Comedy,tt0053699
Comedy,tt0053707
Comedy,tt0053709
Comedy,tt0053738
Comedy,tt0053759
Comedy,tt0053775
Comedy,tt0053814
Comedy,tt0053833
Comedy,tt0053839
Comedy,tt0053855
Comedy,tt0053892
Comedy,tt0053947
Comedy,tt0054023
Comedy,tt0054049
Comedy,tt0054064
Comedy,tt0054068
Comedy,tt0054117
Comedy,tt0054168
Comedy,tt0054169
Comedy,tt0054266
Comedy,tt0054279
Comedy,tt0054298
Comedy,tt0054309
Comedy,tt0054355
Comedy,tt0054379
Comedy,tt0054394
Comedy,tt0054441
Comedy,tt0054442
Comedy,tt0054455
Comedy,tt0054463
Comedy,tt0054481
Comedy,tt0054495
Comedy,tt0054592
Comedy,tt0054600
Comedy,tt0054603
Comedy,tt0054604
Comedy,tt0054615
Comedy,tt0054619
Comedy,tt0054651
Comedy,tt0054676
Comedy,tt0054700
Comedy,tt0054719
Comedy,tt0054727
Comedy,tt0054798
Comedy,tt0054814
Comedy,tt0054820
Comedy,tt0054826
Comedy,tt0054870
Comedy,tt0054877
Comedy,tt0054931
Comedy,tt0054973
Comedy,tt0055069
Comedy,tt0055087
Comedy,tt0055103
Comedy,tt0055148
Comedy,tt0055158
Comedy,tt0055235
Comedy,tt0055256
Comedy,tt0055307
Comedy,tt0055342
Comedy,tt0055361
Comedy,tt0055383
Comedy,tt0055394
Comedy,tt0055487
Comedy,tt0055488
Comedy,tt0055503
Comedy,tt0055535
Comedy,tt0055536
Comedy,tt0055538
Comedy,tt0055545
Comedy,tt0055579
Comedy,tt0055588
Comedy,tt0055593
Comedy,tt0055615
Comedy,tt0055621
Comedy,tt0055648
Comedy,tt0055746
Comedy,tt0055753
Comedy,tt0055763
Comedy,tt0055809
Comedy,tt0055915
Comedy,tt0055936
Comedy,tt0055977
Comedy,tt0056017
Comedy,tt0056018
Comedy,tt0056022
Comedy,tt0056032
Comedy,tt0056053
Comedy,tt0056083
Comedy,tt0056105
Comedy,tt0056129
Comedy,tt0056148
Comedy,tt0056238
Comedy,tt0056290
Comedy,tt0056305
Comedy,tt0056307
Comedy,tt0056325
Comedy,tt0056355
Comedy,tt0056363
Comedy,tt0056466
Comedy,tt0056467
Comedy,tt0056478
Comedy,tt0056501
Comedy,tt0056506
Comedy,tt0056514
Comedy,tt0056534
Comedy,tt0056591
Comedy,tt0056599
Comedy,tt0056604
Comedy,tt0056605
Comedy,tt0056621
Comedy,tt0056651
Comedy,tt0056659
Comedy,tt0056673
Comedy,tt0056683
Comedy,tt0056691
Comedy,tt0056735
Comedy,tt0056815
Comedy,tt0056883
Comedy,tt0056892
Comedy,tt0056897
Comedy,tt0056924
Comedy,tt0056939
Comedy,tt0056960
Comedy,tt0056964
Comedy,tt0056969
Comedy,tt0056995
Comedy,tt0056999
Comedy,tt0057004
Comedy,tt0057011
Comedy,tt0057012
Comedy,tt0057013
Comedy,tt0057055
Comedy,tt0057069
Comedy,tt0057130
Comedy,tt0057134
Comedy,tt0057165
Comedy,tt0057189
Comedy,tt0057220
Comedy,tt0057241
Comedy,tt0057284
Comedy,tt0057289
Comedy,tt0057291
Comedy,tt0057293
Comedy,tt0057317
Comedy,tt0057323
Comedy,tt0057341
Comedy,tt0057371
Comedy,tt0057384
Comedy,tt0057400
Comedy,tt0057405
Comedy,tt0057414
Comedy,tt0057422
Comedy,tt0057435
Comedy,tt0057516
Comedy,tt0057530
Comedy,tt0057540
Comedy,tt0057544
Comedy,tt0057556
Comedy,tt0057580
Comedy,tt0057594
Comedy,tt0057595
Comedy,tt0057616
Comedy,tt0057681
Comedy,tt0057682
Comedy,tt0057683
Comedy,tt0057805
Comedy,tt0057808
Comedy,tt0057834
Comedy,tt0057844
Comedy,tt0057872
Comedy,tt0057878
Comedy,tt0057920
Comedy,tt0057936
Comedy,tt0057938
Comedy,tt0057962
Comedy,tt0057964
Comedy,tt0057965
Comedy,tt0057991
Comedy,tt0058038
Comedy,tt0058088
Comedy,tt0058110
Comedy,tt0058124
Comedy,tt0058145
Comedy,tt0058153
Comedy,tt0058200
Comedy,tt0058204
Comedy,tt0058206
Comedy,tt0058212
Comedy,tt0058266
Comedy,tt0058316
Comedy,tt0058320
Comedy,tt0058325
Comedy,tt0058348
Comedy,tt0058369
Comedy,tt0058392
Comedy,tt0058415
Comedy,tt0058446
Comedy,tt0058456
Comedy,tt0058556
Comedy,tt0058621
Comedy,tt0058674
Comedy,tt0058675
Comedy,tt0058703
Comedy,tt0058704
Comedy,tt0058750
Comedy,tt0058758
Comedy,tt0058767
Comedy,tt0058920
Comedy,tt0058981
Comedy,tt0059049
Comedy,tt0059051
Comedy,tt0059130
Comedy,tt0059143
Comedy,tt0059171
Comedy,tt0059188
Comedy,tt0059227
Comedy,tt0059276
Comedy,tt0059282
Comedy,tt0059298
Comedy,tt0059318
Comedy,tt0059336
Comedy,tt0059362
Comedy,tt0059377
Comedy,tt0059380
Comedy,tt0059388
Comedy,tt0059410
Comedy,tt0059417
Comedy,tt0059424
Comedy,tt0059428
Comedy,tt0059431
Comedy,tt0059502
Action,tt0035181
Action,tt0059680
Action,tt0062669
Action,tt0064426
Action,tt0068015
Action,tt0068211
Action,tt0068650
Action,tt0068734
Action,tt0070801
Action,tt0071437
Action,tt0072245
Action,tt0072791
Action,tt0073019
Action,tt0074247
Action,tt0074521
Action,tt0075133
Action,tt0075201
Action,tt0075202
Action,tt0076035
Action,tt0076438
Action,tt0076694
Action,tt0076699
Action,tt0076822
Action,tt0077262
Action,tt0077541
Action,tt0077724
Action,tt0078253
Action,tt0078262
Action,tt0078450
Action,tt0079227
Action,tt0079362
Action,tt0079483
Action,tt0080501
Action,tt0080514
Action,tt0080580
Action,tt0081016
Action,tt0081019
Action,tt0081236
Action,tt0081404
Action,tt0083061
Action,tt0083062
Action,tt0083509
Action,tt0083541
Action,tt0085319
Action,tt0086548
Action,tt0086910
Action,tt0087068
Action,tt0087556
Action,tt0087627
Action,tt0088705
Action,tt0089268
Action,tt0089436
Action,tt0089690
Action,tt0090902
Action,tt0091130
Action,tt0091442
Action,tt0091734
Action,tt0091815
Action,tt0092279
Action,tt0092765
Action,tt0092926
Action,tt0093491
Action,tt0093637
Action,tt0093639
Action,tt0093903
Action,tt0093910
Action,tt0093932
Action,tt0094376
Action,tt0094813
Action,tt0094957
Action,tt0095143
Action,tt0095337
Action,tt0095848
Action,tt0096109
Action,tt0096183
Action,tt0096757
Action,tt0097004
Action,tt0097699
Action,tt0097726
Action,tt0097745
Action,tt0098158
Action,tt0098298
Action,tt0098422
Action,tt0098474
Action,tt0099260
Action,tt0099264
Action,tt0099378
Action,tt0099400
Action,tt0099720
Action,tt0099791
Action,tt0099975
Action,tt0100266
Action,tt0100273
Action,tt0100531
Action,tt0100645
Action,tt0101327
Action,tt0101481
Action,tt0101482
Action,tt0101501
Action,tt0101541
Action,tt0101723
Action,tt0101883
Action,tt0101928
Action,tt0102214
Action,tt0102286
Action,tt0102950
Action,tt0102995
Action,tt0103617
Action,tt0103794
Action,tt0103825
Action,tt0104066
Action,tt0104215
Action,tt0104405
Action,tt0104572
Action,tt0105395
Action,tt0105592
Action,tt0105640
Action,tt0105900
Action,tt0106258
Action,tt0106279
Action,tt0107056
Action,tt0107162
Action,tt0107405
Action,tt0107695
Action,tt0107762
Action,tt0107937
Action,tt0108006
Action,tt0108097
Action,tt0108313
Action,tt0109494
Action,tt0109540
Action,tt0109760
Action,tt0110073
Action,tt0110418
Action,tt0110923
Action,tt0111174
Action,tt0112314
Action,tt0112451
Action,tt0112782
Action,tt0112800
Action,tt0112839
Action,tt0112853
Action,tt0113075
Action,tt0113350
Action,tt0113523
Action,tt0113575
Action,tt0113835
Action,tt0114433
Action,tt0114447
Action,tt0114448
Action,tt0114783
Action,tt0114918
Action,tt0115618
Action,tt0115701
Action,tt0115711
Action,tt0115864
Action,tt0116564
Action,tt0117157
Action,tt0117242
Action,tt0117738
Action,tt0117761
Action,tt0118159
Action,tt0118864
Action,tt0119317
Action,tt0119367
Action,tt0119872
Action,tt0119961
Action,tt0121103
Action,tt0121974
Action,tt0124038
Action,tt0126698
Action,tt0127417
Action,tt0127751
Action,tt0129438
Action,tt0129728
Action,tt0131046
Action,tt0132322
Action,tt0135140
Action,tt0144080
Action,tt0146571
Action,tt0156734
Action,tt0161084
Action,tt0164522
Action,tt0165214
Action,tt0165256
Action,tt0165339
Action,tt0166674
Action,tt0167379
Action,tt0169863
Action,tt0171841
Action,tt0172610
Action,tt0174708
Action,tt0174982
Action,tt0175694
Action,tt0176650
Action,tt0180250
Action,tt0180685
Action,tt0181305
Action,tt0183061
Action,tt0183098
Action,tt0183341
Action,tt0183452
Action,tt0184016
Action,tt0184081
Action,tt0186647
Action,tt0187884
Action,tt0188568
Action,tt0191445
Action,tt0194800
Action,tt0199385
Action,tt0199817
Action,tt0199845
Action,tt0199865
Action,tt0199991
Action,tt0200014
Action,tt0200049
Action,tt0200126
Action,tt0200194
Action,tt0201099
Action,tt0202032
Action,tt0202145
Action,tt0204901
Action,tt0206990
Action,tt0213642
Action,tt0213724
Action,tt0214638
Action,tt0218053
Action,tt0218641
Action,tt0220644
Action,tt0223284
Action,tt0227200
Action,tt0228142
Action,tt0244216
Action,tt0244744
Action,tt0258862
Action,tt0261099
Action,tt0262002
Action,tt0264365
Action,tt0264605
Action,tt0266408
Action,tt0272822
Action,tt0277289
Action,tt0281587
Action,tt0283287
Action,tt0284457
Action,tt0287637
Action,tt0288831
Action,tt0290014
Action,tt0292163
Action,tt0293166
Action,tt0303103
Action,tt0304014
Action,tt0306909
Action,tt0314722
Action,tt0323546
Action,tt0325730
Action,tt0327940
Action,tt0347439
Action,tt0349575
Action,tt0368896
Action,tt0371902
Action,tt0375791
Action,tt0381469
Action,tt0383607
Action,tt0384991
Action,tt0386846
Action,tt0387445
Action,tt0396096
Action,tt0399445
Action,tt0400681
Action,tt0400905
Action,tt0402127
Action,tt0403279
Action,tt0404225
Action,tt0407761
Action,tt0417106
Action,tt0419983
Action,tt0421640
Action,tt0422689
Action,tt0431641
Action,tt0439801
Action,tt0440067
Action,tt0440590
Action,tt0441035
Action,tt0447635
Action,tt0449832
Action,tt0451930
Action,tt0451987
Action,tt0455991
Action,tt0458349
Action,tt0467462
Action,tt0467505
Action,tt0475750
Action,tt0478888
Action,tt0480685
Action,tt0483999
Action,tt0484003
Action,tt0488818
Action,tt0496247
Action,tt0497573
Action,tt0499518
Action,tt0762137
Action,tt0780484
Action,tt0780595
Action,tt0781084
Action,tt0785035
Action,tt0799951
Action,tt0805492
Action,tt0807944
Action,tt0814236
Action,tt0821470
Action,tt0824406
Action,tt0843372
Action,tt0858492
Action,tt0860462
Action,tt0870209
Action,tt0872289
Action,tt0887736
Action,tt0892041
Action,tt0893492
Action,tt0897374
Action,tt0924229
Action,tt0924249
Action,tt0924498
Action,tt0929620
Action,tt0929630
Action,tt0929742
Action,tt0939869
Action,tt0954914
Action,tt0956299
Action,tt0964510
Action,tt0977658
Action,tt0984243
Action,tt0997167
Action,tt1029238
Action,tt1034431
Action,tt1037133
Action,tt1043429
Action,tt1053857
Action,tt1091989
Action,tt1102364
Action,tt1105721
Action,tt1124397
Action,tt1135983
Action,tt1142974
Action,tt1149582
Action,tt1159634
Action,tt1161449
Action,tt1172168
Action,tt1185427
Action,tt1189432
Action,tt1200065
Action,tt1212067
Action,tt1212133
Action,tt1212442
Action,tt1221867
Action,tt1228984
Action,tt1228997
Action,tt1232831
Action,tt1236438
Action,tt1258972
Action,tt1261889
Action,tt1264961
Action,tt1266139
Action,tt1283546
Action,tt1296068
Action,tt1307058
Action,tt1308182
Action,tt1308664
Action,tt1311638
Action,tt1332103
Action,tt1350917
Action,tt1355546
Action,tt1356802
Action,tt1358586
Action,tt1365485
Action,tt1406157
Action,tt1409090
Action,tt1410198
Action,tt1415184
Action,tt1425250
Action,tt1432916
Action,tt1455619
Action,tt1458915
Action,tt1480296
Action,tt1483821
Action,tt1489264
Action,tt1496836
Action,tt1496868
Action,tt1501292
Action,tt1503184
Action,tt1518828
Action,tt1532261
Action,tt1537032
Action,tt1546420
Action,tt1555803
Action,tt1559007
Action,tt1579232
Action,tt1579540
Action,tt1579974
Action,tt1582524
Action,tt1595844
Action,tt1596565
Action,tt1600921
Action,tt1606189
Action,tt1606214
Action,tt1608631
Action,tt1609481
Action,tt1613037
Action,tt1617207
Action,tt1625856
Action,tt1634509
Action,tt1639405
Action,tt1641253
Action,tt1650433
Action,tt1653690
Action,tt1666308
Action,tt1671446
Action,tt1675300
Action,tt1686897
Action,tt1726661
Action,tt1730695
Action,tt1730720
Action,tt1737189
Action,tt1737267
Action,tt1743334
Action,tt1765729
Action,tt1770650
Action,tt1781800
Action,tt1810522
Action,tt1810858
Action,tt1820402
Action,tt1821607
Action,tt1835948
Action,tt1836020
Action,tt1836137
Action,tt1841594
Action,tt1851085
Action,tt1869345
Action,tt1884312
Action,tt1887807
Action,tt1925518
Action,tt1956589
Action,tt1956697
Action,tt1965272
Action,tt1984194
Action,tt1984208
Action,tt1999250
Action,tt2044077
Action,tt2053339
Action,tt2074387
Action,tt2077833
Action,tt2094825
Action,tt2106514
Action,tt2111458
Action,tt2118727
Action,tt2119467
Action,tt2133300
Action,tt2147303
Action,tt2164468
Action,tt2175669
Action,tt2186426
Action,tt2197884
Action,tt2198592
Action,tt2232428
Action,tt2236358
Action,tt2251662
Action,tt2261721
Action,tt2281293
Action,tt2287851
Action,tt2287973
Action,tt2290648
Action,tt2292693
Action,tt2295034
Action,tt2331169
Action,tt2339425
Action,tt2355791
Action,tt2360334
Action,tt2379651
Action,tt2389162
Action,tt2398340
Action,tt2412746
Action,tt2424988
Action,tt2433078
Action,tt2440354
Action,tt2445568
Action,tt2449180
Action,tt2499856
Action,tt2571140
Action,tt2614032
Action,tt2676350
Action,tt2724532
Action,tt2748546
Action,tt2781254
Action,tt2794316
Action,tt2825120
Action,tt2828022
Action,tt2828840
Action,tt2861830
Action,tt2876908
Action,tt2912138
Action,tt2917382
Action,tt2940482
Action,tt2942618
Action,tt2948606
Action,tt3036654
Action,tt3095464
Action,tt3114346
Action,tt3120960
Action,tt3129382
Action,tt3130742
Action,tt3207160
Action,tt3220528
Action,tt3232156
Action,tt3285576
Action,tt3290322
Action,tt3320578
Action,tt3421246
Action,tt3433170
Action,tt3456784
Action,tt3462696
Action,tt3502284
Action,tt3520290
Action,tt3523480
Action,tt3557988
Action,tt3579158
Action,tt3581276
Action,tt3594160
Action,tt3594826
Action,tt3602106
Action,tt3616894
Action,tt3616934
Action,tt3649102
Action,tt3652964
Action,tt3667436
Action,tt3685756
Action,tt3686256
Action,tt3709718
Action,tt3724490
Action,tt3756838
Action,tt3793230
Action,tt3809492
Action,tt3816614
Action,tt3850798
Action,tt3877652
Action,tt3917254
Action,tt3919278
Action,tt3949638
Action,tt3951298
Action,tt4019426
Action,tt4053684
Action,tt4059112
Action,tt4066958
Action,tt4087822
Action,tt4117094
Action,tt4144156
Action,tt4160208
Action,tt4197476
Action,tt4247828
Action,tt4254046
Action,tt4415326
Action,tt4438594
Action,tt4447090
Action,tt4451006
Action,tt4463780
Action,tt4523622
Action,tt4586626
Action,tt4642044
Action,tt4773642
Action,tt4833384
Action,tt4861048
Action,tt4944418
Action,tt4946222
Action,tt4970038
Action,tt4984868
Action,tt5010982
Action,tt5020372
Action,tt5078812
Action,tt5132854
Action,tt5151622
Action,tt5199588
Action,tt5259598
Action,tt5266668
Action,tt5290414
Action,tt5297256
Action,tt5305352
Action,tt5438276
Action,tt5453036
Action,tt5465970
Action,tt5467852
Action,tt5471258
Action,tt5475678
Action,tt5531298
Action,tt5556110
Action,tt5582876
Action,tt5610950
Action,tt5659172
Action,tt5667516
Action,tt5693776
Action,tt5698088
Action,tt5815858
Action,tt5821704
Action,tt5855164
Action,tt5885106
Action,tt5896934
Action,tt5992138
Action,tt6012244
Action,tt6024364
Action,tt6056530
Action,tt6102104
Action,tt6105774
Action,tt6126312
Action,tt6127254
Action,tt6130166
Action,tt6150988
Action,tt6153376
Action,tt6159026
Action,tt6166322
Action,tt6197400
Action,tt6220406
Action,tt6333284
Action,tt6354056
Action,tt6385842
Action,tt6405208
Action,tt6428774
Action,tt6456318
Action,tt6468814
Action,tt6495714
Action,tt6505826
Action,tt6538906
Action,tt6721358
Action,tt6735034
Action,tt6735094
Action,tt6756326
Action,tt6863784
Action,tt6864090
Action,tt6872436
Action,tt6904062
Action,tt6975420
Action,tt7066030
Action,tt7155178
Action,tt7156436
Action,tt7202976
Action,tt7221950
Action,tt7222304
Action,tt7240562
Action,tt7286966
Action,tt7287680
Action,tt7335186
Action,tt7349218
Action,tt7356148
Action,tt7380226
Action,tt7568856
Action,tt7652452
Action,tt7658610
Action,tt7718636
Action,tt7757972
Action,tt7773340
Action,tt7904182
Action,tt7906422
Action,tt7942708
Action,tt7963804
Action,tt7983712
Action,tt7983744
Action,tt8011344
Action,tt8081830
Action,tt8107464
Action,tt8110966
Action,tt8361196
Action,tt8408218
Action,tt8456680
Action,tt8458736
Action,tt8648640
Action,tt8785134
Action,tt8787116
Action,tt8816130
Action,tt8826936
Action,tt8857666
Action,tt8919390
Action,tt8972556
Action,tt8983238
Action,tt9021374
Action,tt9081774
Action,tt9203190
Action,tt9204408
Action,tt9221238
Action,tt9243442
Action,tt9315438
Action,tt9347750
Action,tt9535950
Action,tt9760512
Action,tt9760934
Action,tt9815714
Action,tt10076722
Action,tt10254472
Action,tt10275080
Action,tt10300380
Action,tt10329842
Action,tt10417622
Action,tt10763826
Action,tt10767976
Action,tt10789322
Action,tt10814494
Action,tt10833860
Action,tt10933680
Action,tt11135936
Action,tt11177112
Action,tt11189056
Action,tt11194492
Action,tt11515380
Action,tt11576124
Action,tt11718728
Action,tt11749480
Action,tt11765324
Action,tt11769162
Genre,Imdb Title Id
Horror,tt0004026
Horror,tt0007983
Horror,tt0011221
Horror,tt0016220
Horror,tt0018097
Horror,tt0018770
Horror,tt0023694
Horror,tt0025465
Horror,tt0026209
Horror,tt0027055
Horror,tt0032215
Horror,tt0033075
Horror,tt0034398
Horror,tt0038214
Horror,tt0038470
Horror,tt0038514
Horror,tt0038531
Horror,tt0040452
Horror,tt0042059
Horror,tt0042423
Horror,tt0043360
Horror,tt0044656
Horror,tt0045888
Horror,tt0049429
Horror,tt0049616
Horror,tt0050157
Horror,tt0050201
Horror,tt0050235
Horror,tt0050317
Horror,tt0050672
Horror,tt0050718
Horror,tt0051173
Horror,tt0051536
Horror,tt0051731
Horror,tt0051755
Horror,tt0052289
Horror,tt0052555
Horror,tt0052901
Horror,tt0053363
Horror,tt0053677
Horror,tt0053931
Horror,tt0054067
Horror,tt0054111
Horror,tt0054333
Horror,tt0054416
Horror,tt0054484
Horror,tt0054711
Horror,tt0054724
Horror,tt0054777
Horror,tt0054793
Horror,tt0054807
Horror,tt0055018
Horror,tt0055456
Horror,tt0055804
Horror,tt0055902
Horror,tt0056040
Horror,tt0056056
Horror,tt0056220
Horror,tt0056279
Horror,tt0056315
Horror,tt0056528
Horror,tt0056565
Horror,tt0056611
Horror,tt0056633
Horror,tt0056875
Horror,tt0057128
Horror,tt0057129
Horror,tt0057155
Horror,tt0057181
Horror,tt0057226
Horror,tt0057280
Horror,tt0057302
Horror,tt0057434
Horror,tt0057522
Horror,tt0057603
Horror,tt0057646
Horror,tt0057984
Horror,tt0057985
Horror,tt0057986
Horror,tt0058000
Horror,tt0058007
Horror,tt0058073
Horror,tt0058079
Horror,tt0058106
Horror,tt0058155
Horror,tt0058307
Horror,tt0058333
Horror,tt0058601
Horror,tt0058622
Horror,tt0058694
Horror,tt0058753
Horror,tt0058954
Horror,tt0058955
Horror,tt0058983
Horror,tt0059100
Horror,tt0059125
Horror,tt0059127
Horror,tt0059285
Horror,tt0059311
Horror,tt0059440
Horror,tt0060049
Horror,tt0060097
Horror,tt0060154
Horror,tt0060171
Horror,tt0060174
Horror,tt0060175
Horror,tt0060228
Horror,tt0060290
Horror,tt0060307
Horror,tt0060380
Horror,tt0060616
Horror,tt0060666
Horror,tt0060841
Horror,tt0060893
Horror,tt0061060
Horror,tt0061411
Horror,tt0061412
Horror,tt0061520
Horror,tt0061806
Horror,tt0062006
Horror,tt0062032
Horror,tt0062132
Horror,tt0062231
Horror,tt0062259
Horror,tt0062266
Horror,tt0062345
Horror,tt0062446
Horror,tt0062833
Horror,tt0062885
Horror,tt0062943
Horror,tt0062957
Horror,tt0063170
Horror,tt0063275
Horror,tt0063608
Horror,tt0064310
Horror,tt0064369
Horror,tt0064726
Horror,tt0064729
Horror,tt0064747
Horror,tt0064902
Horror,tt0064950
Horror,tt0065168
Horror,tt0065478
Horror,tt0065483
Horror,tt0065580
Horror,tt0065597
Horror,tt0065624
Horror,tt0065660
Horror,tt0065669
Horror,tt0065744
Horror,tt0065750
Horror,tt0065854
Horror,tt0065887
Horror,tt0065905
Horror,tt0066058
Horror,tt0066104
Horror,tt0066132
Horror,tt0066160
Horror,tt0066267
Horror,tt0066476
Horror,tt0066518
Horror,tt0066519
Horror,tt0066578
Horror,tt0066600
Horror,tt0066757
Horror,tt0066816
Horror,tt0066846
Horror,tt0066847
Horror,tt0066848
Horror,tt0066849
Horror,tt0066863
Horror,tt0066871
Horror,tt0066893
Horror,tt0066914
Horror,tt0066990
Horror,tt0067016
Horror,tt0067094
Horror,tt0067169
Horror,tt0067176
Horror,tt0067192
Horror,tt0067229
Horror,tt0067321
Horror,tt0067352
Horror,tt0067367
Horror,tt0067480
Horror,tt0067500
Horror,tt0067503
Horror,tt0067671
Horror,tt0067690
Horror,tt0067708
Horror,tt0067713
Horror,tt0067757
Horror,tt0067924
Horror,tt0067929
Horror,tt0067934
Horror,tt0067948
Horror,tt0067950
Horror,tt0067972
Horror,tt0067991
Horror,tt0068187
Horror,tt0068199
Horror,tt0068230
Horror,tt0068231
Horror,tt0068289
Horror,tt0068290
Horror,tt0068352
Horror,tt0068438
Horror,tt0068448
Horror,tt0068458
Horror,tt0068459
Horror,tt0068489
Horror,tt0068504
Horror,tt0068505
Horror,tt0068522
Horror,tt0068596
Horror,tt0068654
Horror,tt0068658
Horror,tt0068727
Horror,tt0068746
Horror,tt0068772
Horror,tt0068966
Horror,tt0068994
Horror,tt0069018
Horror,tt0069029
Horror,tt0069046
Horror,tt0069047
Horror,tt0069048
Horror,tt0069162
Horror,tt0069165
Horror,tt0069208
Horror,tt0069308
Horror,tt0069375
Horror,tt0069417
Horror,tt0069427
Horror,tt0069464
Horror,tt0069494
Horror,tt0069715
Horror,tt0069745
Horror,tt0069753
Horror,tt0069820
Horror,tt0069851
Horror,tt0069924
Horror,tt0069933
Horror,tt0070001
Horror,tt0070013
Horror,tt0070039
Horror,tt0070047
Horror,tt0070066
Horror,tt0070198
Horror,tt0070294
Horror,tt0070368
Horror,tt0070445
Horror,tt0070508
Horror,tt0070526
Horror,tt0070537
Horror,tt0070547
Horror,tt0070593
Horror,tt0070603
Horror,tt0070634
Horror,tt0070654
Horror,tt0070655
Horror,tt0070673
Horror,tt0070703
Horror,tt0070770
Horror,tt0070868
Horror,tt0070869
Horror,tt0070871
Horror,tt0070893
Horror,tt0071095
Horror,tt0071212
Horror,tt0071232
Horror,tt0071233
Horror,tt0071256
Horror,tt0071396
Horror,tt0071413
Horror,tt0071465
Horror,tt0071478
Horror,tt0071479
Horror,tt0071518
Horror,tt0071560
Horror,tt0071627
Horror,tt0071628
Horror,tt0071675
Horror,tt0071791
Horror,tt0071967
Horror,tt0072019
Horror,tt0072133
Horror,tt0072136
Horror,tt0072147
Horror,tt0072148
Horror,tt0072156
Horror,tt0072184
Horror,tt0072239
Horror,tt0072271
Horror,tt0072331
Horror,tt0072354
Horror,tt0072392
Horror,tt0072626
Horror,tt0072813
Horror,tt0072867
Horror,tt0072869
Horror,tt0073275
Horror,tt0073324
Horror,tt0073461
Horror,tt0073609
Horror,tt0073847
Horror,tt0074195
Horror,tt0074211
Horror,tt0074222
Horror,tt0074285
Horror,tt0074389
Horror,tt0074390
Horror,tt0074499
Horror,tt0074683
Horror,tt0074687
Horror,tt0074769
Horror,tt0074829
Horror,tt0074920
Horror,tt0075001
Horror,tt0075005
Horror,tt0075164
Horror,tt0075261
Horror,tt0075334
Horror,tt0075651
Horror,tt0075820
Horror,tt0075838
Horror,tt0075887
Horror,tt0075999
Horror,tt0076009
Horror,tt0076081
Horror,tt0076127
Horror,tt0076295
Horror,tt0076380
Horror,tt0076478
Horror,tt0076571
Horror,tt0076683
Horror,tt0076786
Horror,tt0076853
Horror,tt0076914
Horror,tt0077245
Horror,tt0077254
Horror,tt0077332
Horror,tt0077394
Horror,tt0077420
Horror,tt0077450
Horror,tt0077470
Horror,tt0077769
Horror,tt0077844
Horror,tt0077912
Horror,tt0077994
Horror,tt0078055
Horror,tt0078067
Horror,tt0078398
Horror,tt0078751
Horror,tt0078767
Horror,tt0078871
Horror,tt0078916
Horror,tt0078930
Horror,tt0078936
Horror,tt0079011
Horror,tt0079135
Horror,tt0079156
Horror,tt0079273
Horror,tt0079450
Horror,tt0079541
Horror,tt0079631
Horror,tt0079677
Horror,tt0079788
Horror,tt0079855
Horror,tt0080040
Horror,tt0080057
Horror,tt0080402
Horror,tt0080431
Horror,tt0080438
Horror,tt0080440
Horror,tt0080464
Horror,tt0080486
Horror,tt0080506
Horror,tt0080516
Horror,tt0080607
Horror,tt0080646
Horror,tt0080730
Horror,tt0080764
Horror,tt0080923
Horror,tt0080990
Horror,tt0081034
Horror,tt0081229
Horror,tt0081248
Horror,tt0081314
Horror,tt0081318
Horror,tt0081366
Horror,tt0081415
Horror,tt0081677
Horror,tt0082025
Horror,tt0082116
Horror,tt0082118
Horror,tt0082237
Horror,tt0082257
Horror,tt0082273
Horror,tt0082276
Horror,tt0082307
Horror,tt0082346
Horror,tt0082367
Horror,tt0082377
Horror,tt0082379
Horror,tt0082427
Horror,tt0082479
Horror,tt0082495
Horror,tt0082522
Horror,tt0082533
Horror,tt0082580
Horror,tt0082620
Horror,tt0082744
Horror,tt0082804
Horror,tt0082818
Horror,tt0082955
Horror,tt0082966
Horror,tt0083155
Horror,tt0083347
Horror,tt0083550
Horror,tt0083629
Horror,tt0083849
Horror,tt0083907
Horror,tt0084028
Horror,tt0084096
Horror,tt0084272
Horror,tt0084298
Horror,tt0084348
Horror,tt0084357
Horror,tt0084592
Horror,tt0084651
Horror,tt0084695
Horror,tt0084739
Horror,tt0084825
Horror,tt0085159
Horror,tt0085253
Horror,tt0085266
Horror,tt0085415
Horror,tt0085434
Horror,tt0085824
Horror,tt0085883
Horror,tt0085951
Horror,tt0085953
Horror,tt0086050
Horror,tt0086137
Horror,tt0086248
Horror,tt0086320
Horror,tt0086486
Horror,tt0086585
Horror,tt0086636
Horror,tt0087746
Horror,tt0087798
Horror,tt0087800
Horror,tt0088454
Horror,tt0088691
Horror,tt0088752
Horror,tt0088830
Horror,tt0089013
Horror,tt0089238
Horror,tt0089299
Horror,tt0089326
Horror,tt0089547
Horror,tt0089686
Horror,tt0089894
Horror,tt0090021
Horror,tt0090322
Horror,tt0090582
Horror,tt0090930
Horror,tt0091118
Horror,tt0091339
Horror,tt0091415
Horror,tt0091560
Horror,tt0091617
Horror,tt0091651
Horror,tt0091707
Horror,tt0091778
Horror,tt0091847
Horror,tt0091898
Horror,tt0091990
Horror,tt0092118
Horror,tt0092596
Horror,tt0092670
Horror,tt0092671
Horror,tt0092672
Horror,tt0092677
Horror,tt0092750
Horror,tt0092872
Horror,tt0092873
Horror,tt0092906
Horror,tt0093041
Horror,tt0093115
Horror,tt0093346
Horror,tt0093468
Horror,tt0093608
Horror,tt0093614
Horror,tt0093777
Horror,tt0093995
Horror,tt0094015
Horror,tt0094124
Horror,tt0094271
Horror,tt0094591
Horror,tt0094642
Horror,tt0094730
Horror,tt0094762
Horror,tt0094860
Horror,tt0094886
Horror,tt0094929
Horror,tt0094962
Horror,tt0094975
Horror,tt0094976
Horror,tt0094996
Horror,tt0095063
Horror,tt0095175
Horror,tt0095256
Horror,tt0095278
Horror,tt0095285
Horror,tt0095314
Horror,tt0095332
Horror,tt0095350
Horror,tt0095414
Horror,tt0095423
Horror,tt0095557
Horror,tt0095716
Horror,tt0095740
Horror,tt0095742
Horror,tt0095900
Horror,tt0095922
Horror,tt0095942
Horror,tt0096335
Horror,tt0096340
Horror,tt0096344
Horror,tt0096453
Horror,tt0096467
Horror,tt0096871
Horror,tt0096920
Horror,tt0097037
Horror,tt0097059
Horror,tt0097305
Horror,tt0097307
Horror,tt0097456
Horror,tt0097498
Horror,tt0097527
Horror,tt0097534
Horror,tt0097718
Horror,tt0097929
Horror,tt0097972
Horror,tt0097973
Horror,tt0098014
Horror,tt0098150
Horror,tt0098397
Horror,tt0098600
Horror,tt0098986
Horror,tt0099235
Horror,tt0099381
Horror,tt0099384
Horror,tt0099395
Horror,tt0099401
Horror,tt0099496
Horror,tt0099523
Horror,tt0099562
Horror,tt0099697
Horror,tt0099749
Horror,tt0099934
Horror,tt0100038
Horror,tt0100108
Horror,tt0100247
Horror,tt0100258
Horror,tt0100324
Horror,tt0100581
Horror,tt0100662
Horror,tt0100672
Horror,tt0100827
Horror,tt0100888
Horror,tt0100943
Horror,tt0101256
Horror,tt0101467
Horror,tt0101474
Horror,tt0101538
Horror,tt0101636
Horror,tt0101670
Horror,tt0102522
Horror,tt0102545
Horror,tt0103802
Horror,tt0103874
Horror,tt0103898
Horror,tt0103957
Horror,tt0104029
Horror,tt0104239
Horror,tt0104409
Horror,tt0104455
Horror,tt0104987
Horror,tt0105242
Horror,tt0105245
Horror,tt0105446
Horror,tt0105759
Horror,tt0105857
Horror,tt0106373
Horror,tt0106636
Horror,tt0106698
Horror,tt0107038
Horror,tt0107571
Horror,tt0107618
Horror,tt0107664
Horror,tt0107764
Horror,tt0107953
Horror,tt0108053
Horror,tt0108350
Horror,tt0108447
Horror,tt0108640
Horror,tt0109449
Horror,tt0109595
Horror,tt0109809
Horror,tt0109924
Horror,tt0110530
Horror,tt0111037
Horror,tt0111159
Horror,tt0111558
Horror,tt0112525
Horror,tt0112939
Horror,tt0113043
Horror,tt0113111
Horror,tt0113175
Horror,tt0113221
Horror,tt0113361
Horror,tt0113449
Horror,tt0114334
Horror,tt0114466
Horror,tt0114957
Horror,tt0115564
Horror,tt0115813
Horror,tt0116050
Horror,tt0116075
Horror,tt0116178
Horror,tt0116616
Horror,tt0116769
Horror,tt0117140
Horror,tt0117549
Horror,tt0119240
Horror,tt0119279
Horror,tt0119477
Horror,tt0119588
Horror,tt0119889
Horror,tt0121152
Horror,tt0122008
Horror,tt0122685
Horror,tt0124442
Horror,tt0124501
Horror,tt0126527
Horror,tt0126820
Horror,tt0127282
Horror,tt0128451
Horror,tt0128823
Horror,tt0129358
Horror,tt0129851
Horror,tt0129855
Horror,tt0130040
Horror,tt0130216
Horror,tt0130650
Horror,tt0130927
Horror,tt0131449
Horror,tt0131510
Horror,tt0132184
Horror,tt0134167
Horror,tt0135444
Horror,tt0136376
Horror,tt0138050
Horror,tt0138647
Horror,tt0139421
Horror,tt0140067
Horror,tt0140533
Horror,tt0140581
Horror,tt0141861
Horror,tt0141897
Horror,tt0141996
Horror,tt0142257
Horror,tt0142906
Horror,tt0144547
Horror,tt0145531
Horror,tt0147972
Horror,tt0148710
Horror,tt0149016
Horror,tt0150931
Horror,tt0155278
Horror,tt0155681
Horror,tt0156329
Horror,tt0156843
Horror,tt0157981
Horror,tt0158011
Horror,tt0159693
Horror,tt0162945
Horror,tt0163000
Horror,tt0163582
Horror,tt0163716
Horror,tt0163985
Horror,tt0164393
Horror,tt0164402
Horror,tt0166681
Horror,tt0167107
Horror,tt0167147
Horror,tt0167284
Horror,tt0167438
Horror,tt0167851
Horror,tt0171084
Horror,tt0171339
Horror,tt0171497
Horror,tt0171512
Horror,tt0173866
Horror,tt0175323
Horror,tt0177766
Horror,tt0179334
Horror,tt0180274
Horror,tt0183817
Horror,tt0183882
Horror,tt0184463
Horror,tt0184649
Horror,tt0185976
Horror,tt0186993
Horror,tt0187152
Horror,tt0187530
Horror,tt0188527
Horror,tt0188647
Horror,tt0189727
Horror,tt0190232
Horror,tt0190273
Horror,tt0191176
Horror,tt0193879
Horror,tt0196000
Horror,tt0197857
Horror,tt0199031
Horror,tt0199439
Horror,tt0200301
Horror,tt0202423
Horror,tt0202496
Horror,tt0202884
Horror,tt0202942
Horror,tt0203635
Horror,tt0204515
Horror,tt0206154
Horror,tt0206427
Horror,tt0213512
Horror,tt0215704
Horror,tt0215960
Horror,tt0219096
Horror,tt0219275
Horror,tt0220307
Horror,tt0222344
Horror,tt0222512
Horror,tt0223128
Horror,tt0223848
Horror,tt0226701
Horror,tt0228121
Horror,tt0228158
Horror,tt0228182
Horror,tt0228183
Horror,tt0230379
Horror,tt0231496
Horror,tt0233004
Horror,tt0234324
Horror,tt0234748
Horror,tt0234817
Horror,tt0235393
Horror,tt0235406
Horror,tt0235555
Horror,tt0236126
Horror,tt0236502
Horror,tt0237680
Horror,tt0240585
Horror,tt0240736
Horror,tt0241526
Horror,tt0243650
Horror,tt0244098
Horror,tt0244099
Horror,tt0244167
Horror,tt0244808
Horror,tt0244941
Horror,tt0245567
Horror,tt0246124
Horror,tt0246231
Horror,tt0248535
Horror,tt0249218
Horror,tt0249506
Horror,tt0250698
Horror,tt0251736
Horror,tt0253700
Horror,tt0255237
Horror,tt0255702
Horror,tt0257844
Horror,tt0260303
Horror,tt0263005
Horror,tt0264675
Horror,tt0265587
Horror,tt0266464
Horror,tt0266875
Horror,tt0269401
Horror,tt0272063
Horror,tt0272069
Horror,tt0272141
Horror,tt0273057
Horror,tt0273302
Horror,tt0273517
Horror,tt0278408
Horror,tt0279474
Horror,tt0279688
Horror,tt0281048
Horror,tt0285976
Horror,tt0286055
Horror,tt0288477
Horror,tt0288905
Horror,tt0289424
Horror,tt0289911
Horror,tt0291272
Horror,tt0291286
Horror,tt0292346
Horror,tt0295884
Horror,tt0296177
Horror,tt0298943
Horror,tt0299551
Horror,tt0299555
Horror,tt0301345
Horror,tt0301470
Horror,tt0302356
Horror,tt0303058
Horror,tt0304166
Horror,tt0304355
Horror,tt0304818
Horror,tt0308049
Horror,tt0308252
Horror,tt0312450
Horror,tt0316886
Horror,tt0320187
Horror,tt0321432
Horror,tt0323246
Horror,tt0324216
Horror,tt0325214
Horror,tt0326791
Horror,tt0331334
Horror,tt0331906
Horror,tt0337659
Horror,tt0337910
Horror,tt0338095
Horror,tt0338726
Horror,tt0339464
Horror,tt0339736
Horror,tt0344290
Horror,tt0346609
Horror,tt0346898
Horror,tt0348225
Horror,tt0348226
Horror,tt0349333
Horror,tt0352420
Horror,tt0357414
Horror,tt0359658
Horror,tt0364385
Horror,tt0372859
Horror,tt0372975
Horror,tt0373883
Horror,tt0374076
Horror,tt0374718
Horror,tt0377707
Horror,tt0377720
Horror,tt0380527
Horror,tt0384537
Horror,tt0384806
Horror,tt0385560
Horror,tt0385639
Horror,tt0387254
Horror,tt0387460
Horror,tt0389360
Horror,tt0390624
Horror,tt0393392
Horror,tt0393939
Horror,tt0395584
Horror,tt0397636
Horror,tt0401271
Horror,tt0403267
Horror,tt0404031
Horror,tt0405055
Horror,tt0407621
Horror,tt0410537
Horror,tt0411954
Horror,tt0416207
Horror,tt0416481
Horror,tt0417287
Horror,tt0417686
Horror,tt0418627
Horror,tt0418905
Horror,tt0419217
Horror,tt0419280
Horror,tt0419679
Horror,tt0419797
Horror,tt0420158
Horror,tt0420251
Horror,tt0421007
Horror,tt0421593
Horror,tt0422037
Horror,tt0422779
Horror,tt0424856
Horror,tt0425170
Horror,tt0428251
Horror,tt0430239
Horror,tt0433000
Horror,tt0433360
Horror,tt0433482
Horror,tt0435631
Horror,tt0435653
Horror,tt0435678
Horror,tt0436359
Horror,tt0436701
Horror,tt0436774
Horror,tt0441821
Horror,tt0443231
Horror,tt0443756
Horror,tt0445061
Horror,tt0445483
Horror,tt0445948
Horror,tt0448002
Horror,tt0448707
Horror,tt0448923
Horror,tt0449519
Horror,tt0449778
Horror,tt0450004
Horror,tt0450087
Horror,tt0450184
Horror,tt0450278
Horror,tt0450497
Horror,tt0451060
Horror,tt0451109
Horror,tt0451142
Horror,tt0451154
Horror,tt0451197
Horror,tt0451201
Horror,tt0452636
Horror,tt0452675
Horror,tt0452766
Horror,tt0453460
Horror,tt0453543
Horror,tt0454082
Horror,tt0455961
Horror,tt0455997
Horror,tt0456069
Horror,tt0457148
Horror,tt0460556
Horror,tt0460852
Horror,tt0462193
Horror,tt0462308
Horror,tt0462516
Horror,tt0462517
Horror,tt0463392
Horror,tt0465485
Horror,tt0465670
Horror,tt0466978
Horror,tt0467684
Horror,tt0468464
Horror,tt0468774
Horror,tt0468862
Horror,tt0469683
Horror,tt0469979
Horror,tt0470967
Horror,tt0470993
Horror,tt0471011
Horror,tt0472073
Horror,tt0472465
Horror,tt0472571
Horror,tt0473393
Horror,tt0473738
Horror,tt0474962
Horror,tt0474963
Horror,tt0475338
Horror,tt0476649
Horror,tt0478135
Horror,tt0478137
Horror,tt0478267
Horror,tt0478303
Horror,tt0478321
Horror,tt0479199
Horror,tt0479887
Horror,tt0480777
Horror,tt0481280
Horror,tt0481430
Horror,tt0481598
Horror,tt0481610
Horror,tt0482537
Horror,tt0482577
Horror,tt0483083
Horror,tt0483200
Horror,tt0483908
Horror,tt0485701
Horror,tt0486614
Horror,tt0486619
Horror,tt0486771
Horror,tt0487400
Horror,tt0488103
Horror,tt0488309
Horror,tt0488310
Horror,tt0488334
Horror,tt0488967
Horror,tt0489019
Horror,tt0489024
Horror,tt0489244
Horror,tt0489842
Horror,tt0490076
Horror,tt0490161
Horror,tt0490527
Horror,tt0491000
Horror,tt0491534
Horror,tt0491777
Horror,tt0493849
Horror,tt0494237
Horror,tt0494505
Horror,tt0496223
Horror,tt0497432
Horror,tt0497477
Horror,tt0498390
Horror,tt0499456
Horror,tt0499601
Horror,tt0756689
Horror,tt0758781
Horror,tt0760169
Horror,tt0760319
Horror,tt0770745
Horror,tt0772197
Horror,tt0778671
Horror,tt0780049
Horror,tt0780506
Horror,tt0780583
Horror,tt0780591
Horror,tt0783492
Horror,tt0788017
Horror,tt0791321
Horror,tt0793572
Horror,tt0799913
Horror,tt0800255
Horror,tt0800361
Horror,tt0802956
Horror,tt0803003
Horror,tt0803019
Horror,tt0806008
Horror,tt0808332
Horror,tt0810444
Horror,tt0810811
Horror,tt0811094
Horror,tt0813551
Horror,tt0814100
Horror,tt0814343
Horror,tt0814685
Horror,tt0817928
Horror,tt0818874
Horror,tt0819839
Horror,tt0820037
Horror,tt0825342
Horror,tt0828159
Horror,tt0834904
Horror,tt0834942
Horror,tt0835419
Horror,tt0836683
Horror,tt0837791
Horror,tt0837796
Horror,tt0841993
Horror,tt0844321
Horror,tt0847212
Horror,tt0848551
Horror,tt0852940
Horror,tt0852996
Horror,tt0854670
Horror,tt0856288
Horror,tt0860835
Horror,tt0863095
Horror,tt0864331
Horror,tt0867294
Horror,tt0869039
Horror,tt0884237
Horror,tt0887143
Horror,tt0888019
Horror,tt0888071
Horror,tt0892056
Horror,tt0892109
Horror,tt0892117
Horror,tt0893534
Horror,tt0896534
Horror,tt0898905
Horror,tt0902274
Horror,tt0907681
Horror,tt0914799
Horror,tt0923683
Horror,tt0926085
Horror,tt0927595
Horror,tt0927615
Horror,tt0927627
Horror,tt0944236
Horror,tt0945587
Horror,tt0946984
Horror,tt0958863
Horror,tt0960855
Horror,tt0961722
Horror,tt0968738
Horror,tt0971204
Horror,tt0976024
Horror,tt0978797
Horror,tt0989654
Horror,tt0997143
Horror,tt0999970
Horror,tt0999972
Horror,tt1002974
Horror,tt1003005
Horror,tt1003059
Horror,tt1006907
Horror,tt1010012
Horror,tt1014693
Horror,tt1014798
Horror,tt1015987
Horror,tt1016019
Horror,tt1029234
Horror,tt1032749
Horror,tt1034305
Horror,tt1038902
Horror,tt1039985
Horror,tt1042503
Horror,tt1043791
Horror,tt1046930
Horror,tt1047660
Horror,tt1050001
Horror,tt1051253
Horror,tt1054115
Horror,tt1057576
Horror,tt1059828
Horror,tt1064953
Horror,tt1066310
Horror,tt1067071
Horror,tt1068961
Horror,tt1070750
Horror,tt1073240
Horror,tt1073242
Horror,tt1086368
Horror,tt1087445
Horror,tt1091224
Horror,tt1096991
Horror,tt1098337
Horror,tt1100022
Horror,tt1105731
Horror,tt1111235
Horror,tt1111831
Horror,tt1122765
Horror,tt1124394
Horror,tt1128214
Horror,tt1129390
Horror,tt1129431
Horror,tt1132438
Horror,tt1135781
Horror,tt1137448
Horror,tt1139796
Horror,tt1141253
Horror,tt1148200
Horror,tt1151318
Horror,tt1151911
Horror,tt1156300
Horror,tt1160374
Horror,tt1161404
Horror,tt1172070
Horror,tt1172994
Horror,tt1179071
Horror,tt1188674
Horror,tt1193622
Horror,tt1198053
Horror,tt1212023
Horror,tt1218509
Horror,tt1221927
Horror,tt1223980
Horror,tt1224436
Horror,tt1229404
Horror,tt1229786
Horror,tt1231273
Horror,tt1231600
Horror,tt1234947
Horror,tt1235811
Horror,tt1259521
Horror,tt1261935
Horror,tt1262413
Horror,tt1263687
Horror,tt1264098
Horror,tt1268208
Horror,tt1270767
Horror,tt1276982
Horror,tt1285009
Horror,tt1285219
Horror,tt1286765
Horror,tt1288399
Horror,tt1288636
Horror,tt1291582
Horror,tt1294165
Horror,tt1305112
Horror,tt1306967
Horror,tt1307930
Horror,tt1307972
Horror,tt1308660
Horror,tt1308748
Horror,tt1311063
Horror,tt1311067
Horror,tt1311672
Horror,tt1312230
Horror,tt1313244
Horror,tt1313876
Horror,tt1314170
Horror,tt1314246
Horror,tt1314363
Horror,tt1318056
Horror,tt1322306
Horror,tt1329396
Horror,tt1331302
Horror,tt1334526
Horror,tt1334558
Horror,tt1337505
Horror,tt1337589
Horror,tt1338635
Horror,tt1339098
Horror,tt1341335
Horror,tt1341710
Horror,tt1376168
Horror,tt1377290
Horror,tt1378238
Horror,tt1380281
Horror,tt1387366
Horror,tt1395146
Horror,tt1395147
Horror,tt1396219
Horror,tt1396484
Horror,tt1412697
Horror,tt1421049
Horror,tt1424066
Horror,tt1425252
Horror,tt1425253
Horror,tt1430077
Horror,tt1430620
Horror,tt1433089
Horror,tt1441436
Horror,tt1442492
Horror,tt1446498
Horror,tt1450672
Horror,tt1453954
Horror,tt1454099
Horror,tt1461395
Horror,tt1467304
Horror,tt1468381
Horror,tt1468730
Horror,tt1472195
Horror,tt1473361
Horror,tt1489154
Horror,tt1491603
Horror,tt1493798
Horror,tt1493858
Horror,tt1495818
Horror,tt1496884
Horror,tt1498568
Horror,tt1499302
Horror,tt1508349
Horror,tt1508661
Horror,tt1512228
Horror,tt1515199
Horror,tt1517228
Horror,tt1522157
Horror,tt1522846
Horror,tt1529231
Horror,tt1529558
Horror,tt1535098
Horror,tt1535104
Horror,tt1535617
Horror,tt1536044
Horror,tt1540767
Horror,tt1543004
Horror,tt1548553
Horror,tt1552423
Horror,tt1555895
Horror,tt1559033
Horror,tt1560950
Horror,tt1560985
Horror,tt1569933
Horror,tt1571247
Horror,tt1572194
Horror,tt1572773
Horror,tt1573485
Horror,tt1577050
Horror,tt1577055
Horror,tt1579956
Horror,tt1581839
Animation,tt0056060
Animation,tt0064552
Animation,tt0076922
Animation,tt0092218
Animation,tt0098426
Animation,tt0112274
Animation,tt0120691
Animation,tt0125037
Animation,tt0125494
Animation,tt0130268
Animation,tt0190006
Animation,tt0202287
Animation,tt0220450
Animation,tt0225346
Animation,tt0262264
Animation,tt0274348
Animation,tt0342853
Animation,tt0348059
Animation,tt0348060
Animation,tt0374574
Animation,tt0393510
Animation,tt0443769
Animation,tt0459959
Animation,tt0480507
Animation,tt0486893
Animation,tt0488836
Animation,tt0496296
Animation,tt0994794
Animation,tt1065099
Animation,tt1091821
Animation,tt1212022
Animation,tt1290393
Animation,tt1305678
Animation,tt1318849
Animation,tt1453967
Animation,tt1485096
Animation,tt1520392
Animation,tt1537967
Animation,tt1566528
Animation,tt1576423
Animation,tt1618450
Animation,tt1623674
Animation,tt1753729
Animation,tt1796657
Animation,tt1859606
Animation,tt1869724
Animation,tt2050664
Animation,tt2104985
Animation,tt2124046
Animation,tt2180443
Animation,tt2592484
Animation,tt2650548
Animation,tt2938376
Animation,tt3332410
Animation,tt3431188
Animation,tt3433622
Animation,tt3574822
Animation,tt3789946
Animation,tt3832326
Animation,tt4008392
Animation,tt4179512
Animation,tt4487076
Animation,tt4693418
Animation,tt4697944
Animation,tt4838316
Animation,tt4971484
Animation,tt5315110
Animation,tt5363648
Animation,tt5440848
Animation,tt5471154
Animation,tt5476944
Animation,tt5923132
Animation,tt6035092
Animation,tt6241390
Animation,tt6246170
Animation,tt6449216
Animation,tt6475250
Animation,tt6545212
Animation,tt6771444
Animation,tt6772418
Animation,tt7006206
Animation,tt7454138
Animation,tt7639694
Animation,tt7717440
Animation,tt7980094
Animation,tt8328612
Animation,tt8391976
Animation,tt8774798
Animation,tt8925102
Animation,tt8941316
Animation,tt9004516
Animation,tt9144838
Animation,tt9251598
Animation,tt9251718
Animation,tt9465532
Animation,tt9465588
Animation,tt9496406
Animation,tt9551896
Animation,tt9894394
Animation,tt10187766
Animation,tt10687168
Animation,tt11496270
Animation,tt11561866
Animation,tt12588448
Musical,tt0020358
Musical,tt0020403
Musical,tt0020949
Musical,tt0021435
Musical,tt0022026
Musical,tt0023847
Musical,tt0024570
Musical,tt0024952
Musical,tt0025843
Musical,tt0025942
Musical,tt0026113
Musical,tt0028533
Musical,tt0029725
Musical,tt0030817
Musical,tt0032284
Musical,tt0034243
Musical,tt0035370
Musical,tt0035538
Musical,tt0035714
Musical,tt0036105
Musical,tt0036406
Musical,tt0037076
Musical,tt0037640
Musical,tt0038091
Musical,tt0038831
Musical,tt0039026
Musical,tt0039032
Musical,tt0039460
Musical,tt0039483
Musical,tt0039634
Musical,tt0040107
Musical,tt0040390
Musical,tt0040848
Musical,tt0040962
Musical,tt0043053
Musical,tt0043116
Musical,tt0043370
Musical,tt0043896
Musical,tt0044070
Musical,tt0044599
Musical,tt0044900
Musical,tt0045068
Musical,tt0045483
Musical,tt0046441
Musical,tt0048441
Musical,tt0048719
Musical,tt0048954
Musical,tt0050557
Musical,tt0050632
Musical,tt0051336
Musical,tt0051908
Musical,tt0052783
Musical,tt0052817
Musical,tt0052887
Musical,tt0054034
Musical,tt0055554
Musical,tt0055922
Musical,tt0057678
Musical,tt0059175
Musical,tt0059398
Musical,tt0059904
Musical,tt0061034
Musical,tt0061742
Musical,tt0071715
Musical,tt0071803
Musical,tt0093577
Musical,tt0095527
Musical,tt0097113
Musical,tt0108649
Musical,tt0112509
Musical,tt0125954
Musical,tt0146479
Musical,tt0169403
Musical,tt0173714
Musical,tt0184235
Musical,tt0199156
Musical,tt0332743
Musical,tt0340883
Musical,tt0371632
Musical,tt0374783
Musical,tt0489853
Musical,tt0808182
Musical,tt0896515
Musical,tt0978723
Musical,tt1079450
Musical,tt1258187
Musical,tt1286172
Musical,tt1303803
Musical,tt1592876
Musical,tt1656179
Musical,tt1678055
Musical,tt1712191
Musical,tt1728655
Musical,tt1792584
Musical,tt1920871
Musical,tt2059244
Musical,tt2153891
Musical,tt2342249
Musical,tt2916786
Musical,tt3459472
Musical,tt3592030
Musical,tt4648826
Musical,tt4699130
Musical,tt5176252
Musical,tt5190958
Musical,tt5833706
Musical,tt5891144
Musical,tt6316170
Musical,tt6346162
Musical,tt6411322
Musical,tt6846134
Musical,tt7122350
Musical,tt7318290
Musical,tt7388678
Musical,tt7736212
Musical,tt7858408
Musical,tt7877016
Musical,tt8185526
Musical,tt9564676
Musical,tt10140002
Musical,tt10442108
Musical,tt11449072
Musical,tt11889538
History,tt0019532
History,tt0029593
History,tt0031747
History,tt0032164
History,tt0033028
History,tt0039511
History,tt0040166
History,tt0042666
History,tt0043072
History,tt0043751
History,tt0044670
History,tt0044861
History,tt0045339
History,tt0046054
History,tt0048528
History,tt0052365
History,tt0053359
History,tt0054222
History,tt0054346
History,tt0054422
History,tt0054875
History,tt0063489
History,tt0067313
History,tt0071899
History,tt0075274
History,tt0077296
History,tt0088938
History,tt0103285
History,tt0120530
History,tt0120657
History,tt0129979
History,tt0182765
History,tt0183333
History,tt0274933
History,tt0274934
History,tt0274935
History,tt0282140
History,tt0299977
History,tt0476695
History,tt0488763
History,tt1184952
History,tt1220217
History,tt1244496
History,tt1710627
History,tt3471472
History,tt3597732
History,tt6413868
History,tt7052244
History,tt7052270
History,tt8318284
History,tt8685520
History,tt8829128
History,tt0052197
History,tt0052946
History,tt0056016
History,tt0108085
History,tt2807410
History,tt3874418
History,tt4944352
History,tt5094192
History,tt7236640
History,tt0108593
History,tt1941478
History,tt2356860
History,tt2448584
History,tt2557256
History,tt3290714
History,tt8396188
History,tt0811066
History,tt2229201
History,tt2635622
History,tt8351882
History,tt0027200
History,tt0033226
History,tt0033654
History,tt0035616
History,tt0036443
History,tt0041163
History,tt0041940
History,tt0044857
History,tt0044987
History,tt0045595
History,tt0046498
History,tt0046899
History,tt0048461
History,tt0051444
History,tt0051565
History,tt0053272
History,tt0053804
History,tt0054310
History,tt0055188
History,tt0055264
History,tt0055850
History,tt0055884
History,tt0056197
History,tt0058561
History,tt0059263
History,tt0062416
History,tt0062714
History,tt0064067
History,tt0064072
History,tt0066473
History,tt0066779
History,tt0069912
History,tt0070051
History,tt0070684
History,tt0071324
History,tt0074899
History,tt0076398
History,tt0078918
History,tt0079386
History,tt0083591
History,tt0092965
History,tt0111760
History,tt0118751
History,tt0119815
History,tt0120775
History,tt0126439
History,tt0130022
History,tt0130023
History,tt0130971
History,tt0144111
History,tt0151750
History,tt0172776
History,tt0174476
History,tt0182764
History,tt0186835
History,tt0187393
History,tt0200710
History,tt0213149
History,tt0233270
History,tt0250461
History,tt0255289
History,tt0259549
History,tt0275083
History,tt0277434
History,tt0284880
History,tt0338806
History,tt0342795
History,tt0390205
History,tt0408306
History,tt0417397
History,tt0425743
History,tt0442286
History,tt0444982
History,tt0449994
History,tt0454824
History,tt0471359
History,tt0473444
History,tt0475276
History,tt0485985
History,tt0493406
History,tt0882978
History,tt0905366
History,tt0920458
History,tt0975744
History,tt1020558
History,tt1034303
History,tt1054122
History,tt1181791
History,tt1186803
History,tt1198339
History,tt1230194
History,tt1233301
History,tt1242457
History,tt1242521
History,tt1260680
History,tt1300169
History,tt1343703
History,tt1388901
History,tt1413492
History,tt1425257
History,tt1456661
History,tt1465518
History,tt1515208
History,tt1599975
History,tt1637691
History,tt1688704
History,tt1694118
History,tt1701210
History,tt1706450
History,tt1727532
History,tt1773370
History,tt1783232
History,tt1860357
History,tt1869640
History,tt1905010
History,tt1979319
History,tt1986769
History,tt2007387
History,tt2007993
History,tt2025690
History,tt2032572
History,tt2041374
History,tt2056501
History,tt2102472
History,tt2164718
History,tt2187149
History,tt2245025
History,tt2290553
History,tt2396459
History,tt2493486
History,tt2667550
History,tt2796680
History,tt2972482
History,tt3054798
History,tt3176304
History,tt3231054
History,tt3414274
History,tt3508840
History,tt3512282
History,tt3521192
History,tt3531202
History,tt3541262
History,tt3563080
History,tt3663680
History,tt3735246
History,tt3833480
History,tt3922798
History,tt4164468
History,tt4187590
History,tt4342506
History,tt4386684
History,tt4703048
History,tt4738360
History,tt4909752
History,tt4939066
History,tt4991660
History,tt5013056
History,tt5137380
History,tt5157456
History,tt5189828
History,tt5207204
History,tt5461944
History,tt5466186
History,tt5785116
History,tt5886216
History,tt5969696
History,tt6020428
History,tt6048922
History,tt6054874
History,tt6080746
History,tt6229252
History,tt6264938
History,tt6525952
History,tt6537238
History,tt6826438
History,tt6878038
History,tt6917210
History,tt6931414
History,tt7160176
History,tt7162758
History,tt7185492
History,tt7231546
History,tt7439064
History,tt7537738
History,tt7679190
History,tt7825208
History,tt7897306
History,tt8009354
History,tt8060774
History,tt8176040
History,tt8706988
History,tt8836476
History,tt9011132
History,tt9415552
History,tt9795368
History,tt9816970
History,tt10239930
History,tt10510654
History,tt10834986
History,tt11167818
History,tt0108624
History,tt0058473
History,tt0063490
History,tt0064765
History,tt0075067
History,tt0081743
History,tt0084105
History,tt0084818
History,tt0085947
History,tt0089559
History,tt0130238
History,tt0130379
History,tt0139739
History,tt0149244
History,tt0237839
History,tt0260054
History,tt1126391
History,tt1606761
History,tt1919137
History,tt2245990
History,tt5832544
History,tt6083388
History,tt6111980
History,tt8000908
History,tt2193418
History,tt0867342
History,tt0031842
History,tt0033369
History,tt0049086
History,tt0096141
History,tt1793239
History,tt3665704
History,tt7336446
History,tt0081470
History,tt0093983
History,tt0219216
History,tt2025526
History,tt2993698
History,tt5050200
History,tt8748608
History,tt9099938
History,tt12186846
History,tt0032281
History,tt0046298
History,tt0048603
History,tt0049092
History,tt0059500
History,tt0204544
History,tt0231290
History,tt2181959
History,tt3104336
History,tt4162012
History,tt6443138
History,tt0038747
History,tt0042411
History,tt0057590
History,tt0057918
History,tt0058605
History,tt0060125
History,tt0065375
History,tt0067108
History,tt0073639
History,tt0081796
History,tt0103203
History,tt0114204
History,tt0115638
History,tt0314685
History,tt1176958
History,tt1763270
History,tt5729246
History,tt7025976
History,tt0003740
History,tt0008150
History,tt0017667
History,tt0020030
History,tt0026249
History,tt0027869
History,tt0029087
History,tt0031973
History,tt0032851
History,tt0033234
History,tt0035421
History,tt0035896
History,tt0039243
History,tt0041209
History,tt0041767
History,tt0043790
History,tt0044760
History,tt0044907
History,tt0045039
History,tt0045961
History,tt0047467
History,tt0047919
History,tt0047975
History,tt0048227
History,tt0048283
History,tt0048588
History,tt0048712
History,tt0049007
History,tt0049301
History,tt0051398
History,tt0051436
History,tt0051934
History,tt0052618
History,tt0053351
History,tt0053461
History,tt0053580
History,tt0053936
History,tt0054004
History,tt0054358
History,tt0054756
History,tt0055719
History,tt0055867
History,tt0056042
History,tt0056104
History,tt0056264
History,tt0056504
History,tt0056556
History,tt0056963
History,tt0057049
History,tt0057060
History,tt0057115
History,tt0057225
History,tt0057259
History,tt0057846
History,tt0059219
History,tt0060218
History,tt0060401
History,tt0061377
History,tt0064555
History,tt0064907
History,tt0066969
History,tt0067686
History,tt0070250
History,tt0072403
History,tt0072684
History,tt0073113
History,tt0075230
History,tt0077629
History,tt0080180
History,tt0081111
History,tt0082432
History,tt0082484
History,tt0086497
History,tt0086993
History,tt0087892
History,tt0088866
History,tt0089913
History,tt0091530
History,tt0095071
History,tt0100196
History,tt0112384
History,tt0123127
History,tt0128378
History,tt0159365
History,tt0164839
History,tt0181530
History,tt0183368
History,tt0187499
History,tt0206947
History,tt0240659
History,tt0272142
History,tt0289463
History,tt0316041
History,tt0380726
History,tt0395119
History,tt0478732
History,tt0491720
History,tt0834967
History,tt1023114
History,tt1062965
History,tt1100898
History,tt1139085
History,tt1696190
History,tt1706414
History,tt1808067
History,tt2014295
History,tt2071465
History,tt2101473
History,tt2245171
History,tt2388755
History,tt2401023
History,tt2509298
History,tt4453756
History,tt4964310
History,tt5162658
History,tt6010020
History,tt0050567
History,tt0104563
History,tt0435597
History,tt0047630
History,tt0065489
History,tt0938281
History,tt0030265
History,tt0032613
History,tt0044380
History,tt0044936
History,tt0045183
History,tt0046786
History,tt0048070
History,tt0048259
History,tt0048522
History,tt0052280
History,tt0057500
History,tt0058991
History,tt0073012
History,tt0074784
History,tt0100271
History,tt0413821
History,tt1526578
History,tt1909270
History,tt0055423
History,tt4842282
History,tt0027488
History,tt0028872
History,tt0029584
History,tt0029982
History,tt0031619
History,tt0041223
History,tt0042256
History,tt0044466
History,tt0045343
History,tt0046789
History,tt0047150
History,tt0048262
History,tt0055549
History,tt0058343
History,tt0058909
History,tt0065180
History,tt0072021
History,tt0098022
History,tt0103218
History,tt1958098
History,tt2776074
History,tt8657468
History,tt0035799
History,tt0046767
History,tt0049501
History,tt0056427
History,tt0064785
History,tt0073341
History,tt0094872
History,tt0126386
History,tt2072220
History,tt0027499
History,tt0031033
History,tt0062044
History,tt2241207
History,tt0082009
History,tt0176694
History,tt1725969
History,tt3178174
History,tt0240034
History,tt0309114
History,tt3887158
History,tt4168188
History,tt2328505
History,tt0847478
History,tt0064485
History,tt1851006
History,tt0040478
History,tt1286747
History,tt0007801
History,tt0008395
History,tt0013571
History,tt0015935
History,tt0017198
History,tt0018054
History,tt0018192
History,tt0019254
History,tt0019823
History,tt0020620
History,tt0021595
History,tt0023374
History,tt0024742
History,tt0024966
History,tt0024991
History,tt0025272
History,tt0027948
History,tt0028141
History,tt0028197
History,tt0028313
History,tt0029132
History,tt0030418
History,tt0031516
History,tt0031826
History,tt0031981
History,tt0032181
History,tt0032710
History,tt0033118
History,tt0034065
History,tt0034167
History,tt0035241
History,tt0036910
History,tt0036921
History,tt0037465
History,tt0037824
History,tt0039132
History,tt0039178
History,tt0039409
History,tt0039632
History,tt0040183
History,tt0040758
History,tt0041437
History,tt0042477
History,tt0043949
History,tt0044107
History,tt0045296
History,tt0045473
History,tt0045943
History,tt0046051
History,tt0046731
History,tt0046759
History,tt0046903
History,tt0046949
History,tt0047026
History,tt0047195
History,tt0048791
History,tt0048937
History,tt0049211
History,tt0049674
History,tt0050169
History,tt0050171
History,tt0050928
History,tt0051587
History,tt0051754
History,tt0051994
History,tt0053149
History,tt0053800
History,tt0053946
History,tt0054403
History,tt0054847
History,tt0054892
History,tt0055047
History,tt0055070
History,tt0055774
History,tt0056937
History,tt0057877
History,tt0058715
History,tt0058886
History,tt0059245
History,tt0059616
History,tt0060107
History,tt0060482
History,tt0060665
History,tt0061829
History,tt0062804
History,tt0062844
History,tt0063227
History,tt0063555
History,tt0064030
History,tt0064158
History,tt0064212
History,tt0064815
History,tt0065593
History,tt0066430
History,tt0066993
History,tt0067276
History,tt0067372
History,tt0067402
History,tt0067483
History,tt0068226
History,tt0068346
History,tt0068883
History,tt0068884
History,tt0069110
History,tt0069434
History,tt0069824
History,tt0070109
History,tt0070184
History,tt0070260
History,tt0071096
History,tt0071691
History,tt0071713
History,tt0071880
History,tt0072151
History,tt0072205
History,tt0073109
History,tt0074119
History,tt0074291
History,tt0074678
History,tt0074896
History,tt0076342
History,tt0076390
History,tt0077941
History,tt0079643
History,tt0079920
History,tt0080480
History,tt0081059
History,tt0081109
History,tt0081991
History,tt0082979
History,tt0083789
History,tt0083872
History,tt0083987
History,tt0084335
History,tt0085175
History,tt0086182
History,tt0086312
History,tt0086879
History,tt0086904
History,tt0087530
History,tt0087553
History,tt0089716
History,tt0090798
History,tt0091126
History,tt0091374
History,tt0091869
History,tt0092804
History,tt0093389
History,tt0094828
History,tt0096250
History,tt0096409
History,tt0097336
History,tt0097383
History,tt0097441
History,tt0098513
History,tt0101578
History,tt0103110
History,tt0103838
History,tt0104046
History,tt0104797
History,tt0107259
History,tt0107260
History,tt0107446
History,tt0108052
History,tt0110932
History,tt0110963
History,tt0112573
History,tt0112964
History,tt0113463
History,tt0113987
History,tt0114272
History,tt0114413
History,tt0115766
History,tt0116238
History,tt0116250
History,tt0118607
History,tt0119280
History,tt0119485
History,tt0120001
History,tt0123385
History,tt0127536
History,tt0127925
History,tt0145765
History,tt0152148
History,tt0161542
History,tt0161860
History,tt0163180
History,tt0164021
History,tt0166635
History,tt0171932
History,tt0186257
History,tt0196811
History,tt0200441
History,tt0202908
History,tt0232025
History,tt0239515
History,tt0240879
History,tt0246765
History,tt0249836
History,tt0250803
History,tt0254610
History,tt0255713
History,tt0269461
History,tt0270480
History,tt0279111
History,tt0289080
History,tt0289355
History,tt0292097
History,tt0293589
History,tt0301359
History,tt0302436
History,tt0303274
History,tt0308055
History,tt0309820
History,tt0316566
History,tt0317234
History,tt0324951
History,tt0328432
History,tt0338330
History,tt0340253
History,tt0344952
History,tt0346457
History,tt0349825
History,tt0349878
History,tt0352248
History,tt0362789
History,tt0363163
History,tt0373999
History,tt0374569
History,tt0375920
History,tt0377992
History,tt0378284
History,tt0390145
History,tt0395169
History,tt0402399
History,tt0414055
History,tt0420293
History,tt0422720
History,tt0430431
History,tt0431170
History,tt0433383
History,tt0436697
History,tt0437232
History,tt0438859
History,tt0442751
History,tt0443272
History,tt0445691
History,tt0446667
History,tt0446750
History,tt0452011
History,tt0454776
History,tt0455590
History,tt0455957
History,tt0459293
History,tt0467200
History,tt0481254
History,tt0482724
History,tt0496634
History,tt0796368
History,tt0829459
History,tt0851532
History,tt0864761
History,tt0870111
History,tt0892255
History,tt0901481
History,tt0949506
History,tt0962736
History,tt0995850
History,tt1020072
History,tt1035730
History,tt1057500
History,tt1059200
History,tt1091225
History,tt1099204
History,tt1101026
History,tt1124377
History,tt1135989
History,tt1173687
History,tt1186357
History,tt1212428
History,tt1213641
History,tt1249311
History,tt1254322
History,tt1276419
History,tt1382722
History,tt1387528
History,tt1390398
History,tt1397498
History,tt1398426
History,tt1420543
History,tt1421029
History,tt1441953
History,tt1442576
History,tt1504320
History,tt1551620
History,tt1551641
History,tt1555069
History,tt1571401
History,tt1585270
History,tt1586001
History,tt1587685
History,tt1589424
History,tt1609159
History,tt1618390
History,tt1619029
History,tt1657513
History,tt1668016
History,tt1699518
History,tt1700845
History,tt1728616
History,tt1730768
History,tt1748192
History,tt1756791
History,tt1802197
History,tt1813179
History,tt1886651
History,tt1890342
History,tt1922699
History,tt1926246
History,tt1932695
History,tt2006295
History,tt2024544
History,tt2034098
History,tt2075121
History,tt2119532
History,tt2140507
History,tt2150332
History,tt2168180
History,tt2180463
History,tt2225946
History,tt2302945
History,tt2304771
History,tt2316868
History,tt2328900
History,tt2331066
History,tt2387513
History,tt2404425
History,tt2473794
History,tt2534634
Sci-Fi,tt0006333
Sci-Fi,tt0027623
Sci-Fi,tt0030138
Sci-Fi,tt0032475
Sci-Fi,tt0036697
Sci-Fi,tt0044427
Sci-Fi,tt0045352
Sci-Fi,tt0049223
Sci-Fi,tt0053464
Sci-Fi,tt0053944
Sci-Fi,tt0055294
Sci-Fi,tt0055608
Sci-Fi,tt0059346
Sci-Fi,tt0060074
Sci-Fi,tt0060126
Sci-Fi,tt0061500
Sci-Fi,tt0063859
Sci-Fi,tt0064470
Sci-Fi,tt0065163
Sci-Fi,tt0065462
Sci-Fi,tt0069986
Sci-Fi,tt0070631
Sci-Fi,tt0070754
Sci-Fi,tt0076294
Sci-Fi,tt0076902
Sci-Fi,tt0077215
Sci-Fi,tt0077278
Sci-Fi,tt0077937
Sci-Fi,tt0078435
Sci-Fi,tt0079501
Sci-Fi,tt0079574
Sci-Fi,tt0079946
Sci-Fi,tt0080421
Sci-Fi,tt0080745
Sci-Fi,tt0081573
Sci-Fi,tt0082340
Sci-Fi,tt0082642
Sci-Fi,tt0082694
Sci-Fi,tt0083050
Sci-Fi,tt0084726
Sci-Fi,tt0084827
Sci-Fi,tt0084887
Sci-Fi,tt0086345
Sci-Fi,tt0086346
Sci-Fi,tt0086443
Sci-Fi,tt0087182
Sci-Fi,tt0087597
Sci-Fi,tt0088170
Sci-Fi,tt0088393
Sci-Fi,tt0088925
Sci-Fi,tt0089530
Sci-Fi,tt0090302
Sci-Fi,tt0090605
Sci-Fi,tt0090630
Sci-Fi,tt0091012
Sci-Fi,tt0092298
Sci-Fi,tt0093773
Sci-Fi,tt0094033
Sci-Fi,tt0094074
Sci-Fi,tt0096114
Sci-Fi,tt0096287
Sci-Fi,tt0097404
Sci-Fi,tt0098216
Sci-Fi,tt0098480
Sci-Fi,tt0099474
Sci-Fi,tt0101366
Sci-Fi,tt0102975
Sci-Fi,tt0103923
Sci-Fi,tt0104981
Sci-Fi,tt0105213
Sci-Fi,tt0105680
Sci-Fi,tt0107290
Sci-Fi,tt0107333
Sci-Fi,tt0107819
Sci-Fi,tt0108342
Sci-Fi,tt0111282
Sci-Fi,tt0114898
Sci-Fi,tt0116147
Sci-Fi,tt0116225
Sci-Fi,tt0116629
Sci-Fi,tt0117497
Sci-Fi,tt0118661
Sci-Fi,tt0119116
Sci-Fi,tt0119567
Sci-Fi,tt0120201
Sci-Fi,tt0120591
Sci-Fi,tt0120844
Sci-Fi,tt0120903
Sci-Fi,tt0127640
Sci-Fi,tt0131646
Sci-Fi,tt0133152
Sci-Fi,tt0145487
Sci-Fi,tt0149261
Sci-Fi,tt0163025
Sci-Fi,tt0185183
Sci-Fi,tt0207631
Sci-Fi,tt0253754
Sci-Fi,tt0261597
Sci-Fi,tt0268695
Sci-Fi,tt0271451
Sci-Fi,tt0296572
Sci-Fi,tt0297416
Sci-Fi,tt0298814
Sci-Fi,tt0300556
Sci-Fi,tt0316654
Sci-Fi,tt0319262
Sci-Fi,tt0320736
Sci-Fi,tt0327409
Sci-Fi,tt0330972
Sci-Fi,tt0339579
Sci-Fi,tt0345636
Sci-Fi,tt0357894
Sci-Fi,tt0362942
Sci-Fi,tt0364970
Sci-Fi,tt0369610
Sci-Fi,tt0371746
Sci-Fi,tt0376994
Sci-Fi,tt0379786
Sci-Fi,tt0382992
Sci-Fi,tt0400426
Sci-Fi,tt0401729
Sci-Fi,tt0402022
Sci-Fi,tt0413300
Sci-Fi,tt0418279
Sci-Fi,tt0437086
Sci-Fi,tt0438488
Sci-Fi,tt0458339
Sci-Fi,tt0458525
Sci-Fi,tt0462465
Sci-Fi,tt0479651
Sci-Fi,tt0481509
Sci-Fi,tt0489099
Sci-Fi,tt0770828
Sci-Fi,tt0796366
Sci-Fi,tt0800080
Sci-Fi,tt0831387
Sci-Fi,tt0848228
Sci-Fi,tt0948470
Sci-Fi,tt0972558
Sci-Fi,tt1023347
Sci-Fi,tt1045673
Sci-Fi,tt1046173
Sci-Fi,tt1055369
Sci-Fi,tt1104001
Sci-Fi,tt1114731
Sci-Fi,tt1133985
Sci-Fi,tt1161457
Sci-Fi,tt1190080
Sci-Fi,tt1228705
Sci-Fi,tt1270797
Sci-Fi,tt1270798
Sci-Fi,tt1288403
Sci-Fi,tt1300854
Sci-Fi,tt1340138
Sci-Fi,tt1345449
Sci-Fi,tt1375666
Sci-Fi,tt1386703
Sci-Fi,tt1392170
Sci-Fi,tt1392190
Sci-Fi,tt1399103
Sci-Fi,tt1399952
Sci-Fi,tt1408101
Sci-Fi,tt1411250
Sci-Fi,tt1424381
Sci-Fi,tt1430132
Sci-Fi,tt1440129
Sci-Fi,tt1464540
Sci-Fi,tt1483013
Sci-Fi,tt1502712
Sci-Fi,tt1543283
Sci-Fi,tt1562871
Sci-Fi,tt1583421
Sci-Fi,tt1590125
Sci-Fi,tt1617661
Sci-Fi,tt1628841
Sci-Fi,tt1631867
Sci-Fi,tt1650062
Sci-Fi,tt1663662
Sci-Fi,tt1677720
Sci-Fi,tt1724970
Sci-Fi,tt1754438
Sci-Fi,tt1815862
Sci-Fi,tt1825683
Sci-Fi,tt1843866
Sci-Fi,tt1872181
Sci-Fi,tt1877832
Sci-Fi,tt1880313
Sci-Fi,tt1951265
Sci-Fi,tt1951266
Sci-Fi,tt2043971
Sci-Fi,tt2094766
Sci-Fi,tt2106651
Sci-Fi,tt2109248
Sci-Fi,tt2145829
Sci-Fi,tt2231461
Sci-Fi,tt2250912
Sci-Fi,tt2275656
Sci-Fi,tt2304933
Sci-Fi,tt2369041
Sci-Fi,tt2395427
Sci-Fi,tt2439946
Sci-Fi,tt2488496
Sci-Fi,tt2518926
Sci-Fi,tt2557478
Sci-Fi,tt2645670
Sci-Fi,tt2651724
Sci-Fi,tt2660888
Sci-Fi,tt2734790
Sci-Fi,tt2908446
Sci-Fi,tt2975590
Sci-Fi,tt3004572
Sci-Fi,tt3072482
Sci-Fi,tt3157640
Sci-Fi,tt3343868
Sci-Fi,tt3371366
Sci-Fi,tt3385516
Sci-Fi,tt3397948
Sci-Fi,tt3480796
Sci-Fi,tt3498820
Sci-Fi,tt3647784
Sci-Fi,tt3717490
Sci-Fi,tt3722614
Sci-Fi,tt3748528
Sci-Fi,tt3778644
Sci-Fi,tt3796006
Sci-Fi,tt3829266
Sci-Fi,tt3854562
Sci-Fi,tt4046784
Sci-Fi,tt4154664
Sci-Fi,tt4154756
Sci-Fi,tt4500922
Sci-Fi,tt4627104
Sci-Fi,tt4701182
Sci-Fi,tt4815122
Sci-Fi,tt4881806
Sci-Fi,tt5702566
Sci-Fi,tt5737536
Sci-Fi,tt5813366
Sci-Fi,tt6134274
Sci-Fi,tt6164854
Sci-Fi,tt6320628
Sci-Fi,tt6450804
Sci-Fi,tt6565702
Sci-Fi,tt6727598
Sci-Fi,tt7458762
Sci-Fi,tt7963218
Sci-Fi,tt8235966
Sci-Fi,tt8783146
Sci-Fi,tt9038976
Sci-Fi,tt9301884
Sci-Fi,tt10238788
Sci-Fi,tt0158568
Sci-Fi,tt0158628
Sci-Fi,tt0272299
Sci-Fi,tt0080836
Sci-Fi,tt0062657
Sci-Fi,tt0072856
Sci-Fi,tt0081572
Sci-Fi,tt0085167
Sci-Fi,tt0087945
Sci-Fi,tt0089930
Sci-Fi,tt0093171
Sci-Fi,tt0093268
Sci-Fi,tt0093405
Sci-Fi,tt0093828
Sci-Fi,tt0098211
Sci-Fi,tt0099271
Sci-Fi,tt0100464
Sci-Fi,tt0101988
Sci-Fi,tt0103003
Sci-Fi,tt0106545
Sci-Fi,tt0111822
Sci-Fi,tt0114614
Sci-Fi,tt0119013
Sci-Fi,tt0120891
Sci-Fi,tt0133246
Sci-Fi,tt0146233
Sci-Fi,tt0290095
Sci-Fi,tt0327169
Sci-Fi,tt0388973
Sci-Fi,tt0426592
Sci-Fi,tt0439709
Sci-Fi,tt0457342
Sci-Fi,tt0470711
Sci-Fi,tt0783511
Sci-Fi,tt0808240
Sci-Fi,tt0997147
Sci-Fi,tt1123372
Sci-Fi,tt1278180
Sci-Fi,tt1381512
Sci-Fi,tt1388371
Sci-Fi,tt1429382
Sci-Fi,tt1642193
Sci-Fi,tt1869593
Sci-Fi,tt2101405
Sci-Fi,tt2104076
Sci-Fi,tt2220034
Sci-Fi,tt2819130
Sci-Fi,tt3864024
Sci-Fi,tt4110388
Sci-Fi,tt4421344
Sci-Fi,tt4439102
Sci-Fi,tt5258074
Sci-Fi,tt6730898
Sci-Fi,tt7512574
Sci-Fi,tt8550514
Sci-Fi,tt0041296
Sci-Fi,tt0061516
Sci-Fi,tt0082869
Sci-Fi,tt0088024
Sci-Fi,tt0088695
Sci-Fi,tt0093870
Sci-Fi,tt0099624
Sci-Fi,tt0099625
Sci-Fi,tt0100502
Sci-Fi,tt0104299
Sci-Fi,tt0106915
Sci-Fi,tt0106950
Sci-Fi,tt0107978
Sci-Fi,tt0111438
Sci-Fi,tt0112519
Sci-Fi,tt0113492
Sci-Fi,tt0114857
Sci-Fi,tt0119094
Sci-Fi,tt0181947
Sci-Fi,tt0207358
Sci-Fi,tt0326441
Sci-Fi,tt0414852
Sci-Fi,tt0453467
Sci-Fi,tt0827709
Sci-Fi,tt0827714
Sci-Fi,tt1234721
Sci-Fi,tt1343727
Sci-Fi,tt3171832
Sci-Fi,tt4054004
Sci-Fi,tt7550000
Sci-Fi,tt8561690
Sci-Fi,tt0059065
Sci-Fi,tt0060272
Sci-Fi,tt0067525
Sci-Fi,tt0077414
Sci-Fi,tt0079550
Sci-Fi,tt0080513
Sci-Fi,tt0080962
Sci-Fi,tt0084540
Sci-Fi,tt0092812
Sci-Fi,tt0094080
Sci-Fi,tt0101458
Sci-Fi,tt0105597
Sci-Fi,tt0106768
Sci-Fi,tt0110678
Sci-Fi,tt0113278
Sci-Fi,tt0113481
Sci-Fi,tt0113719
Sci-Fi,tt0115857
Sci-Fi,tt0117308
Sci-Fi,tt0119794
Sci-Fi,tt0120157
Sci-Fi,tt0120461
Sci-Fi,tt0122116
Sci-Fi,tt0167215
Sci-Fi,tt0214871
Sci-Fi,tt0216312
Sci-Fi,tt0217072
Sci-Fi,tt0238380
Sci-Fi,tt0240732
Sci-Fi,tt0264429
Sci-Fi,tt0270841
Sci-Fi,tt0279809
Sci-Fi,tt0294252
Sci-Fi,tt0343818
Sci-Fi,tt0344777
Sci-Fi,tt0365514
Sci-Fi,tt0378428
Sci-Fi,tt0406941
Sci-Fi,tt0433035
Sci-Fi,tt0434409
Sci-Fi,tt1025100
Sci-Fi,tt1037154
Sci-Fi,tt1247400
Sci-Fi,tt1276104
Sci-Fi,tt1318514
Sci-Fi,tt1414863
Sci-Fi,tt1468324
Sci-Fi,tt1532382
Sci-Fi,tt1535108
Sci-Fi,tt1634106
Sci-Fi,tt1653064
Sci-Fi,tt1662534
Sci-Fi,tt1706620
Sci-Fi,tt1800367
Sci-Fi,tt1841504
Sci-Fi,tt1971325
Sci-Fi,tt2094767
Sci-Fi,tt2209764
Sci-Fi,tt2317225
Sci-Fi,tt2343473
Sci-Fi,tt2351310
Sci-Fi,tt2385169
Sci-Fi,tt2392748
Sci-Fi,tt2397535
Sci-Fi,tt2571362
Sci-Fi,tt2997426
Sci-Fi,tt3053378
Sci-Fi,tt3201640
Sci-Fi,tt3312180
Sci-Fi,tt3315342
Sci-Fi,tt3458760
Sci-Fi,tt3775086
Sci-Fi,tt3974320
Sci-Fi,tt4231502
Sci-Fi,tt4540434
Sci-Fi,tt4616250
Sci-Fi,tt5207004
Sci-Fi,tt5242684
Sci-Fi,tt6340500
Sci-Fi,tt6774786
Sci-Fi,tt6952230
Sci-Fi,tt7288408
Sci-Fi,tt8773700
Sci-Fi,tt8948208
Sci-Fi,tt0046192
Sci-Fi,tt0050251
Sci-Fi,tt0056709
Sci-Fi,tt0314111
Sci-Fi,tt1629766
Sci-Fi,tt0095643
Sci-Fi,tt0098048
Sci-Fi,tt0113074
Sci-Fi,tt0122050
Sci-Fi,tt0122145
Sci-Fi,tt0148392
Sci-Fi,tt0260136
Sci-Fi,tt0272425
Sci-Fi,tt0276935
Sci-Fi,tt0366985
Sci-Fi,tt0456627
Sci-Fi,tt0826175
Sci-Fi,tt0999922
Sci-Fi,tt1047877
Sci-Fi,tt1190556
Sci-Fi,tt1418377
Sci-Fi,tt1510929
Sci-Fi,tt1843309
Sci-Fi,tt2058710
Sci-Fi,tt2563562
Sci-Fi,tt2721152
Sci-Fi,tt5165936
Sci-Fi,tt6949498
Sci-Fi,tt7946836
Sci-Fi,tt8305666
Sci-Fi,tt0031796
Sci-Fi,tt0048127
Sci-Fi,tt0056331
Sci-Fi,tt0060440
Sci-Fi,tt0063172
Sci-Fi,tt0069895
Sci-Fi,tt0070926
Sci-Fi,tt0085125
Sci-Fi,tt0087262
Sci-Fi,tt0087344
Sci-Fi,tt0090233
Sci-Fi,tt0093533
Sci-Fi,tt0096256
Sci-Fi,tt0096425
Sci-Fi,tt0096511
Sci-Fi,tt0097179
Sci-Fi,tt0099277
Sci-Fi,tt0100403
Sci-Fi,tt0100503
Sci-Fi,tt0100688
Sci-Fi,tt0100975
Sci-Fi,tt0102848
Sci-Fi,tt0103116
Sci-Fi,tt0103644
Sci-Fi,tt0105322
Sci-Fi,tt0105569
Sci-Fi,tt0105796
Sci-Fi,tt0105869
Sci-Fi,tt0108154
Sci-Fi,tt0109442
Sci-Fi,tt0109575
Sci-Fi,tt0110153
Sci-Fi,tt0112634
Sci-Fi,tt0112843
Sci-Fi,tt0112993
Sci-Fi,tt0113187
Sci-Fi,tt0114508
Sci-Fi,tt0115834
Sci-Fi,tt0116026
Sci-Fi,tt0118583
Sci-Fi,tt0120458
Sci-Fi,tt0120611
Sci-Fi,tt0120804
Sci-Fi,tt0120841
Sci-Fi,tt0121694
Sci-Fi,tt0127136
Sci-Fi,tt0127503
Sci-Fi,tt0134847
Sci-Fi,tt0164052
Sci-Fi,tt0184503
Sci-Fi,tt0197521
Sci-Fi,tt0211443
Sci-Fi,tt0228333
Sci-Fi,tt0250613
Sci-Fi,tt0255198
Sci-Fi,tt0265104
Sci-Fi,tt0282179
Sci-Fi,tt0282496
Sci-Fi,tt0303773
Sci-Fi,tt0318627
Sci-Fi,tt0369226
Sci-Fi,tt0371920
Sci-Fi,tt0399762
Sci-Fi,tt0419706
Sci-Fi,tt0432021
Sci-Fi,tt0439615
Sci-Fi,tt0463854
Sci-Fi,tt0473348
Sci-Fi,tt0820111
Sci-Fi,tt0860528
Sci-Fi,tt0892899
Sci-Fi,tt0923653
Sci-Fi,tt0925245
Sci-Fi,tt0977669
Sci-Fi,tt0996979
Sci-Fi,tt1105742
Sci-Fi,tt1131742
Sci-Fi,tt1147687
Sci-Fi,tt1176416
Sci-Fi,tt1191971
Sci-Fi,tt1240540
Sci-Fi,tt1265294
Sci-Fi,tt1391579
Sci-Fi,tt1401631
Sci-Fi,tt1418712
Sci-Fi,tt1427298
Sci-Fi,tt1622991
Sci-Fi,tt1666187
Sci-Fi,tt1699231
Sci-Fi,tt1719680
Sci-Fi,tt1733578
Sci-Fi,tt1855325
Sci-Fi,tt1893415
Sci-Fi,tt1920846
Sci-Fi,tt1972636
Sci-Fi,tt1982882
Sci-Fi,tt2081438
Sci-Fi,tt2119404
Sci-Fi,tt2128694
Sci-Fi,tt2178927
Sci-Fi,tt2224383
Sci-Fi,tt2241403
Sci-Fi,tt2270372
Sci-Fi,tt2306836
Sci-Fi,tt2443852
Sci-Fi,tt2592614
Sci-Fi,tt2667380
Sci-Fi,tt2783862
Sci-Fi,tt3163224
Sci-Fi,tt3205438
Sci-Fi,tt3310896
Sci-Fi,tt3439114
Sci-Fi,tt3551400
Sci-Fi,tt3552892
Sci-Fi,tt3619854
Sci-Fi,tt3899262
Sci-Fi,tt4094724
Sci-Fi,tt4173306
Sci-Fi,tt4433646
Sci-Fi,tt4520364
Sci-Fi,tt4567486
Sci-Fi,tt4682266
Sci-Fi,tt4779682
Sci-Fi,tt5033000
Sci-Fi,tt5246928
Sci-Fi,tt5481404
Sci-Fi,tt5591666
Sci-Fi,tt5662550
Sci-Fi,tt5742568
Sci-Fi,tt5774060
Sci-Fi,tt6133466
Sci-Fi,tt6964562
Sci-Fi,tt7379906
Sci-Fi,tt7867360
Sci-Fi,tt8439934
Sci-Fi,tt8804580
Sci-Fi,tt10319676
Sci-Fi,tt11946300
Sci-Fi,tt12057580
Sci-Fi,tt0083609
Sci-Fi,tt0118886
Sci-Fi,tt0120184
Sci-Fi,tt0216216
Sci-Fi,tt0338337
Sci-Fi,tt0969653
Sci-Fi,tt1764355
Sci-Fi,tt1790864
Sci-Fi,tt2140379
Sci-Fi,tt2214897
Sci-Fi,tt6156656
Sci-Fi,tt7221634
Sci-Fi,tt0082381
Sci-Fi,tt0094152
Sci-Fi,tt0100343
Sci-Fi,tt0194722
Sci-Fi,tt0324518
Sci-Fi,tt0477337
Sci-Fi,tt1294160
Sci-Fi,tt5227746
Sci-Fi,tt0037895
Sci-Fi,tt0038007
Sci-Fi,tt0043831
Sci-Fi,tt0045064
Sci-Fi,tt0048465
Sci-Fi,tt0055562
Sci-Fi,tt0067065
Sci-Fi,tt0068408
Sci-Fi,tt0069768
Sci-Fi,tt0071336
Sci-Fi,tt0071923
Sci-Fi,tt0073168
Sci-Fi,tt0073835
Sci-Fi,tt0074812
Sci-Fi,tt0077408
Sci-Fi,tt0078869
Sci-Fi,tt0080736
Sci-Fi,tt0083565
Sci-Fi,tt0084316
Sci-Fi,tt0085514
Sci-Fi,tt0085540
Sci-Fi,tt0086135
Sci-Fi,tt0086381
Sci-Fi,tt0087130
Sci-Fi,tt0088247
Sci-Fi,tt0089091
Sci-Fi,tt0090192
Sci-Fi,tt0090296
Sci-Fi,tt0090836
Sci-Fi,tt0091110
Sci-Fi,tt0091166
Sci-Fi,tt0092224
Sci-Fi,tt0092841
Sci-Fi,tt0093663
Sci-Fi,tt0093731
Sci-Fi,tt0094631
Sci-Fi,tt0094931
Sci-Fi,tt0095002
Sci-Fi,tt0096419
Sci-Fi,tt0096465
Sci-Fi,tt0096786
Sci-Fi,tt0097444
Sci-Fi,tt0098996
Sci-Fi,tt0100291
Sci-Fi,tt0101264
Sci-Fi,tt0101876
Sci-Fi,tt0101931
Sci-Fi,tt0102187
Sci-Fi,tt0102804
Sci-Fi,tt0103064
Sci-Fi,tt0104055
Sci-Fi,tt0104516
Sci-Fi,tt0105183
Sci-Fi,tt0105698
Sci-Fi,tt0107505
Sci-Fi,tt0107597
Sci-Fi,tt0107954
Sci-Fi,tt0107979
Sci-Fi,tt0108277
Sci-Fi,tt0109098
Sci-Fi,tt0109144
Sci-Fi,tt0109515
Sci-Fi,tt0109517
Sci-Fi,tt0109518
Sci-Fi,tt0109545
Sci-Fi,tt0109965
Sci-Fi,tt0110651
Sci-Fi,tt0110901
Sci-Fi,tt0111345
Sci-Fi,tt0112613
Sci-Fi,tt0112763
Sci-Fi,tt0112906
Sci-Fi,tt0112998
Sci-Fi,tt0115624
Sci-Fi,tt0116032
Sci-Fi,tt0117396
Sci-Fi,tt0117651
Sci-Fi,tt0117706
Sci-Fi,tt0117912
Sci-Fi,tt0117915
Sci-Fi,tt0117930
Sci-Fi,tt0118631
Sci-Fi,tt0118688
Sci-Fi,tt0119171
Sci-Fi,tt0119700
Sci-Fi,tt0120167
Sci-Fi,tt0120174
Sci-Fi,tt0120187
Sci-Fi,tt0120356
Sci-Fi,tt0120435
Sci-Fi,tt0124349
Sci-Fi,tt0133093
Sci-Fi,tt0133228
Sci-Fi,tt0137094
Sci-Fi,tt0137452
Sci-Fi,tt0140471
Sci-Fi,tt0150500
Sci-Fi,tt0159752
Sci-Fi,tt0161644
Sci-Fi,tt0165251
Sci-Fi,tt0165400
Sci-Fi,tt0171245
Sci-Fi,tt0176269
Sci-Fi,tt0179183
Sci-Fi,tt0181852
Sci-Fi,tt0185027
Sci-Fi,tt0188925
Sci-Fi,tt0192669
Sci-Fi,tt0232098
Sci-Fi,tt0234215
Sci-Fi,tt0242653
Sci-Fi,tt0251094
Sci-Fi,tt0256083
Sci-Fi,tt0265198
Sci-Fi,tt0284260
Sci-Fi,tt0286716
Sci-Fi,tt0288215
Sci-Fi,tt0289596
Sci-Fi,tt0305831
Sci-Fi,tt0310149
Sci-Fi,tt0311866
Sci-Fi,tt0322651
Sci-Fi,tt0348150
Sci-Fi,tt0353899
Sci-Fi,tt0370032
Sci-Fi,tt0385990
Sci-Fi,tt0390463
Sci-Fi,tt0405821
Sci-Fi,tt0417844
Sci-Fi,tt0432637
Sci-Fi,tt0438052
Sci-Fi,tt0453396
Sci-Fi,tt0758762
Sci-Fi,tt0910868
Sci-Fi,tt1029231
Sci-Fi,tt1217613
Sci-Fi,tt1229236
Sci-Fi,tt1305797
Sci-Fi,tt1328910
Sci-Fi,tt1337055
Sci-Fi,tt1405412
Sci-Fi,tt1478800
Sci-Fi,tt1534568
Sci-Fi,tt1578259
Sci-Fi,tt1578265
Sci-Fi,tt1619016
Sci-Fi,tt1620549
Sci-Fi,tt1645048
Sci-Fi,tt1665744
Sci-Fi,tt1669604
Sci-Fi,tt1682376
Sci-Fi,tt1869453
Sci-Fi,tt1869509
Sci-Fi,tt1934381
Sci-Fi,tt1972752
Sci-Fi,tt2051872
Sci-Fi,tt2093280
Sci-Fi,tt2193151
Sci-Fi,tt2196746
Sci-Fi,tt2205589
Sci-Fi,tt2210717
Sci-Fi,tt2295318
Sci-Fi,tt2317127
Sci-Fi,tt2385001
Sci-Fi,tt2507628
Sci-Fi,tt2546764
Sci-Fi,tt2547942
Sci-Fi,tt2605528
Sci-Fi,tt2639514
Sci-Fi,tt2805976
Sci-Fi,tt2936390
Sci-Fi,tt3104304
Sci-Fi,tt3216086
Sci-Fi,tt3312230
Sci-Fi,tt3343350
Sci-Fi,tt3479316
Sci-Fi,tt3495666
Sci-Fi,tt3501492
Sci-Fi,tt3847642
Sci-Fi,tt3848938
Sci-Fi,tt3967878
Sci-Fi,tt4073890
Sci-Fi,tt4530832
Sci-Fi,tt4538294
Sci-Fi,tt4937114
Sci-Fi,tt4982252
Sci-Fi,tt5080556
Sci-Fi,tt5328466
Sci-Fi,tt5520970
Sci-Fi,tt6017594
Sci-Fi,tt6022174
Sci-Fi,tt6049106
Sci-Fi,tt6143798
Sci-Fi,tt6203998
Sci-Fi,tt6403382
Sci-Fi,tt6437228
Sci-Fi,tt6516590
Sci-Fi,tt6522982
Sci-Fi,tt6628322
Sci-Fi,tt6723592
Sci-Fi,tt7008310
Sci-Fi,tt7605074
Sci-Fi,tt8060328
Sci-Fi,tt8365426
Sci-Fi,tt8484370
Sci-Fi,tt9015178
Sci-Fi,tt9558468
Sci-Fi,tt9562694
Sci-Fi,tt9664732
Sci-Fi,tt0118138
Sci-Fi,tt0100261
Sci-Fi,tt0073631
Sci-Fi,tt0094764
Sci-Fi,tt0246894
Sci-Fi,tt0044207
Sci-Fi,tt0046534
Sci-Fi,tt0053615
Sci-Fi,tt0059095
Sci-Fi,tt0070909
Sci-Fi,tt0083658
Sci-Fi,tt0084424
Sci-Fi,tt0085124
Sci-Fi,tt0085627
Sci-Fi,tt0088380
Sci-Fi,tt0088940
Sci-Fi,tt0089104
Sci-Fi,tt0090169
Sci-Fi,tt0092172
Sci-Fi,tt0093894
Sci-Fi,tt0094607
Sci-Fi,tt0097138
Sci-Fi,tt0097410
Sci-Fi,tt0097910
Sci-Fi,tt0098156
Sci-Fi,tt0099365
Sci-Fi,tt0099554
Sci-Fi,tt0099577
Sci-Fi,tt0100705
Sci-Fi,tt0100802
Sci-Fi,tt0101489
Sci-Fi,tt0101831
Sci-Fi,tt0102800
Sci-Fi,tt0106697
Sci-Fi,tt0107668
Sci-Fi,tt0108606
Sci-Fi,tt0109178
Sci-Fi,tt0110215
Sci-Fi,tt0112764
Sci-Fi,tt0112766
Sci-Fi,tt0112867
Sci-Fi,tt0112942
Sci-Fi,tt0113067
Sci-Fi,tt0113140
Sci-Fi,tt0114339
Sci-Fi,tt0114648
Sci-Fi,tt0115471
Sci-Fi,tt0116839
Sci-Fi,tt0117612
Sci-Fi,tt0117688
Sci-Fi,tt0119380
Sci-Fi,tt0119499
Sci-Fi,tt0120685
Sci-Fi,tt0127276
Sci-Fi,tt0138089
Sci-Fi,tt0157079
Sci-Fi,tt0176700
Sci-Fi,tt0195308
Sci-Fi,tt0199753
Sci-Fi,tt0202314
Sci-Fi,tt0204714
Sci-Fi,tt0216313
Sci-Fi,tt0236397
Sci-Fi,tt0238552
Sci-Fi,tt0267804
Sci-Fi,tt0289213
Sci-Fi,tt0290334
Sci-Fi,tt0381601
Sci-Fi,tt0399201
Sci-Fi,tt0409847
Sci-Fi,tt0435705
Sci-Fi,tt0452608
Sci-Fi,tt0459924
Sci-Fi,tt0465580
Sci-Fi,tt0483607
Sci-Fi,tt0854667
Sci-Fi,tt0986263
Sci-Fi,tt1034032
Sci-Fi,tt1038685
Sci-Fi,tt1053424
Sci-Fi,tt1097014
Romance,tt0000009
Romance,tt0008930
Romance,tt0011837
Romance,tt0012975
Romance,tt0015518
Romance,tt0021657
Romance,tt0030256
Romance,tt0033778
Romance,tt0036067
Romance,tt0050760
Romance,tt0052954
Romance,tt0053658
Romance,tt0062393
Romance,tt0065465
Romance,tt0071951
Romance,tt0075155
Romance,tt0075348
Romance,tt0076483
Romance,tt0077815
Romance,tt0086230
Romance,tt0086330
Romance,tt0093670
Romance,tt0100277
Romance,tt0101953
Romance,tt0102361
Romance,tt0102663
Romance,tt0106286
Romance,tt0111770
Romance,tt0112269
Romance,tt0117600
Romance,tt0118124
Romance,tt0124035
Romance,tt0124093
Romance,tt0140914
Romance,tt0149650
Romance,tt0154898
Romance,tt0165904
Romance,tt0173943
Romance,tt0180287
Romance,tt0182749
Romance,tt0183742
Romance,tt0187399
Romance,tt0188615
Romance,tt0194143
Romance,tt0209912
Romance,tt0210525
Romance,tt0212772
Romance,tt0213524
Romance,tt0215777
Romance,tt0217660
Romance,tt0220799
Romance,tt0221314
Romance,tt0225013
Romance,tt0226786
Romance,tt0229432
Romance,tt0240880
Romance,tt0242632
Romance,tt0243529
Romance,tt0249047
Romance,tt0251919
Romance,tt0255043
Romance,tt0263080
Romance,tt0263081
Romance,tt0263136
Romance,tt0263273
Romance,tt0263730
Romance,tt0263965
Romance,tt0266067
Romance,tt0272125
Romance,tt0282612
Romance,tt0283366
Romance,tt0283911
Romance,tt0283972
Romance,tt0286623
Romance,tt0288115
Romance,tt0288260
Romance,tt0291753
Romance,tt0298351
Romance,tt0302031
Romance,tt0312983
Romance,tt0313579
Romance,tt0317763
Romance,tt0330342
Romance,tt0330508
Romance,tt0337652
Romance,tt0345594
Romance,tt0345603
Romance,tt0348258
Romance,tt0348691
Romance,tt0352757
Romance,tt0353675
Romance,tt0357065
Romance,tt0376787
Romance,tt0378802
Romance,tt0380565
Romance,tt0388483
Romance,tt0389845
Romance,tt0390184
Romance,tt0392950
Romance,tt0405908
Romance,tt0406740
Romance,tt0406989
Romance,tt0408217
Romance,tt0409068
Romance,tt0409694
Romance,tt0409811
Romance,tt0411131
Romance,tt0414428
Romance,tt0416874
Romance,tt0422622
Romance,tt0423584
Romance,tt0427369
Romance,tt0429055
Romance,tt0429072
Romance,tt0430989
Romance,tt0432290
Romance,tt0434105
Romance,tt0443310
Romance,tt0447014
Romance,tt0452968
Romance,tt0453097
Romance,tt0453530
Romance,tt0453740
Romance,tt0455663
Romance,tt0456643
Romance,tt0456821
Romance,tt0458184
Romance,tt0464758
Romance,tt0464849
Romance,tt0466650
Romance,tt0470420
Romance,tt0475639
Romance,tt0477255
Romance,tt0481129
Romance,tt0481370
Romance,tt0485243
Romance,tt0485466
Romance,tt0485486
Romance,tt0488031
Romance,tt0492755
Romance,tt0498480
Romance,tt0777837
Romance,tt0778020
Romance,tt0783236
Romance,tt0810400
Romance,tt0814198
Romance,tt0816149
Romance,tt0825270
Romance,tt0830545
Romance,tt0843327
Romance,tt0843625
Romance,tt0856789
Romance,tt0871977
Romance,tt0875008
Romance,tt0884177
Romance,tt0884855
Romance,tt0905642
Romance,tt0923923
Romance,tt0928154
Romance,tt0969277
Romance,tt0971222
Romance,tt0996978
Romance,tt0997155
Romance,tt0997165
Romance,tt0997178
Romance,tt1019897
Romance,tt1031973
Romance,tt1074213
Romance,tt1080813
Romance,tt1101654
Romance,tt1116026
Romance,tt1196140
Romance,tt1205065
Romance,tt1210817
Romance,tt1213910
Romance,tt1221125
Romance,tt1230544
Romance,tt1233458
Romance,tt1247644
Romance,tt1252557
Romance,tt1260565
Romance,tt1268294
Romance,tt1288641
Romance,tt1291545
Romance,tt1294686
Romance,tt1329101
Romance,tt1364481
Romance,tt1365441
Romance,tt1365500
Romance,tt1390821
Romance,tt1390838
Romance,tt1401622
Romance,tt1429445
Romance,tt1431065
Romance,tt1437224
Romance,tt1443335
Romance,tt1455237
Romance,tt1473105
Romance,tt1478275
Romance,tt1503178
Romance,tt1507255
Romance,tt1528750
Romance,tt1547039
Romance,tt1551631
Romance,tt1556146
Romance,tt1572189
Romance,tt1575646
Romance,tt1575719
Romance,tt1579675
Romance,tt1579821
Romance,tt1591123
Romance,tt1596771
Romance,tt1600683
Romance,tt1601453
Romance,tt1602585
Romance,tt1611818
Romance,tt1614979
Romance,tt1627934
Romance,tt1674766
Romance,tt1739176
Romance,tt1739298
Romance,tt1753976
Romance,tt1754944
Romance,tt1772958
Romance,tt1773441
Romance,tt1773471
Romance,tt1776143
Romance,tt1781853
Romance,tt1786530
Romance,tt1813225
Romance,tt1830802
Romance,tt1846700
Romance,tt1854533
Romance,tt1859603
Romance,tt1881010
Romance,tt1945118
Romance,tt1996312
Romance,tt2040257
Romance,tt2061650
Romance,tt2062580
Romance,tt2064849
Romance,tt2088847
Romance,tt2113735
Romance,tt2113742
Romance,tt2125429
Romance,tt2166850
Romance,tt2186753
Romance,tt2187972
Romance,tt2246829
Romance,tt2281309
Romance,tt2311526
Romance,tt2316756
Romance,tt2328737
Romance,tt2332503
Romance,tt2342227
Romance,tt2347289
Romance,tt2373600
Romance,tt2378378
Romance,tt2380272
Romance,tt2380288
Romance,tt2419576
Romance,tt2457548
Romance,tt2494476
Romance,tt2589070
Romance,tt2618936
Romance,tt2648034
Romance,tt2663738
Romance,tt2691040
Romance,tt2706340
Romance,tt2714934
Romance,tt2735480
Romance,tt2746136
Romance,tt2753628
Romance,tt2855180
Romance,tt2878406
Romance,tt2979322
Romance,tt3006508
Romance,tt3021806
Romance,tt3053834
Romance,tt3108170
Romance,tt3110634
Romance,tt3121474
Romance,tt3171886
Romance,tt3175798
Romance,tt3175936
Romance,tt3214448
Romance,tt3230668
Romance,tt3255322
Romance,tt3261912
Romance,tt3276632
Romance,tt3345868
Romance,tt3420850
Romance,tt3421036
Romance,tt3466476
Romance,tt3476368
Romance,tt3500478
Romance,tt3565174
Romance,tt3729994
Romance,tt3752610
Romance,tt3776402
Romance,tt3780812
Romance,tt3793116
Romance,tt3800028
Romance,tt3822606
Romance,tt3867556
Romance,tt3917316
Romance,tt3983640
Romance,tt4061360
Romance,tt4084182
Romance,tt4094916
Romance,tt4114302
Romance,tt4119590
Romance,tt4192656
Romance,tt4257940
Romance,tt4271820
Romance,tt4293766
Romance,tt4311466
Romance,tt4333680
Romance,tt4394104
Romance,tt4463762
Romance,tt4475244
Romance,tt4543804
Romance,tt4580794
Romance,tt4607906
Romance,tt4610308
Romance,tt4657764
Romance,tt4714454
Romance,tt4742556
Romance,tt4819470
Romance,tt4834850
Romance,tt4837126
Romance,tt4846952
Romance,tt4882692
Romance,tt4892714
Romance,tt4903518
Romance,tt4941354
Romance,tt4964550
Romance,tt5000984
Romance,tt5052972
Romance,tt5078964
Romance,tt5107670
Romance,tt5179576
Romance,tt5190944
Romance,tt5257730
Romance,tt5278634
Romance,tt5341036
Romance,tt5370376
Romance,tt5474036
Romance,tt5574012
Romance,tt5686868
Romance,tt5719222
Romance,tt5720558
Romance,tt5855402
Romance,tt5867468
Romance,tt5902484
Romance,tt5928448
Romance,tt5934922
Romance,tt5943392
Romance,tt5947582
Romance,tt5956006
Romance,tt6023800
Romance,tt6106980
Romance,tt6170202
Romance,tt6234666
Romance,tt6246362
Romance,tt6267944
Romance,tt6271264
Romance,tt6289452
Romance,tt6364638
Romance,tt6431324
Romance,tt6649066
Romance,tt6685776
Romance,tt6690234
Romance,tt6721424
Romance,tt6750962
Romance,tt6771678
Romance,tt6886062
Romance,tt6975046
Romance,tt7116248
Romance,tt7231572
Romance,tt7239146
Romance,tt7286500
Romance,tt7475006
Romance,tt7502256
Romance,tt7531040
Romance,tt7590334
Romance,tt7617988
Romance,tt7619554
Romance,tt7705790
Romance,tt7767866
Romance,tt7817448
Romance,tt7817568
Romance,tt7838158
Romance,tt7939428
Romance,tt8016500
Romance,tt8016672
Romance,tt8043092
Romance,tt8095076
Romance,tt8208098
Romance,tt8228906
Romance,tt8269204
Romance,tt8344532
Romance,tt8590992
Romance,tt8611700
Romance,tt8637534
Romance,tt8650270
Romance,tt8674418
Romance,tt8710128
Romance,tt8718066
Romance,tt8809750
Romance,tt8954890
Romance,tt9021092
Romance,tt9081562
Romance,tt9105026
Romance,tt9226154
Romance,tt9575164
Romance,tt9665402
Romance,tt9749144
Romance,tt9840958
Romance,tt10210182
Romance,tt10356526
Romance,tt10420532
Romance,tt10452466
Romance,tt10534962
Romance,tt10559412
Romance,tt10592082
Romance,tt10706640
Romance,tt10747038
Romance,tt10905616
Romance,tt10968482
Romance,tt10991188
Romance,tt11024568
Romance,tt11079540
Romance,tt11173106
Romance,tt11316854
Romance,tt11357028
Romance,tt11399518
Romance,tt11534356
Romance,tt11730940