Musical,tt0020358
Musical,tt0020403
Musical,tt0020949
Musical,tt0021435
Musical,tt0022026
Musical,tt0023847
Musical,tt0024570
Musical,tt0024952
Musical,tt0025843
Musical,tt0025942
Musical,tt0026113
Musical,tt0028533
Musical,tt0029725
Musical,tt0030817
Musical,tt0032284
Musical,tt0034243
Musical,tt0035370
Musical,tt0035538
Musical,tt0035714
Musical,tt0036105
Musical,tt0036406
Musical,tt0037076
Musical,tt0037640
Musical,tt0038091
Musical,tt0038831
Musical,tt0039026
Musical,tt0039032
Musical,tt0039460
Musical,tt0039483
Musical,tt0039634
Musical,tt0040107
Musical,tt0040390
Musical,tt0040848
Musical,tt0040962
Musical,tt0043053
Musical,tt0043116
Musical,tt0043370
Musical,tt0043896
Musical,tt0044070
Musical,tt0044599
Musical,tt0044900
Musical,tt0045068
Musical,tt0045483
Musical,tt0046441
Musical,tt0048441
Musical,tt0048719
Musical,tt0048954
Musical,tt0050557
Musical,tt0050632
Musical,tt0051336
Musical,tt0051908
Musical,tt0052783
Musical,tt0052817
Musical,tt0052887
Musical,tt0054034
Musical,tt0055554
Musical,tt0055922
Musical,tt0057678
Musical,tt0059175
Musical,tt0059398
Musical,tt0059904
Musical,tt0061034
Musical,tt0061742
Musical,tt0071715
Musical,tt0071803
Musical,tt0093577
Musical,tt0095527
Musical,tt0097113
Musical,tt0108649
Musical,tt0112509
Musical,tt0125954
Musical,tt0146479
Musical,tt0169403
Musical,tt0173714
Musical,tt0184235
Musical,tt0199156
Musical,tt0332743
Musical,tt0340883
Musical,tt0371632
Musical,tt0374783
Musical,tt0489853
Musical,tt0808182
Musical,tt0896515
Musical,tt0978723
Musical,tt1079450
Musical,tt1258187
Musical,tt1286172
Musical,tt1303803
Musical,tt1592876
Musical,tt1656179
Musical,tt1678055
Musical,tt1712191
Musical,tt1728655
Musical,tt1792584
Musical,tt1920871
Musical,tt2059244
Musical,tt2153891
Musical,tt2342249
Musical,tt2916786
Musical,tt3459472
Musical,tt3592030
Musical,tt4648826
Musical,tt4699130
Musical,tt5176252
Musical,tt5190958
Musical,tt5833706
Musical,tt5891144
Musical,tt6316170
Musical,tt6346162
Musical,tt6411322
Musical,tt6846134
Musical,tt7122350
Musical,tt7318290
Musical,tt7388678
Musical,tt7736212
Musical,tt7858408
Musical,tt7877016
Musical,tt8185526
Musical,tt9564676
Musical,tt10140002
Musical,tt10442108
Musical,tt11449072
Musical,tt11889538
