Romance,tt0000009
Romance,tt0008930
Romance,tt0011837
Romance,tt0012975
Romance,tt0015518
Romance,tt0021657
Romance,tt0030256
Romance,tt0033778
Romance,tt0036067
Romance,tt0050760
Romance,tt0052954
Romance,tt0053658
Romance,tt0062393
Romance,tt0065465
Romance,tt0071951
Romance,tt0075155
Romance,tt0075348
Romance,tt0076483
Romance,tt0077815
Romance,tt0086230
Romance,tt0086330
Romance,tt0093670
Romance,tt0100277
Romance,tt0101953
Romance,tt0102361
Romance,tt0102663
Romance,tt0106286
Romance,tt0111770
Romance,tt0112269
Romance,tt0117600
Romance,tt0118124
Romance,tt0124035
Romance,tt0124093
Romance,tt0140914
Romance,tt0149650
Romance,tt0154898
Romance,tt0165904
Romance,tt0173943
Romance,tt0180287
Romance,tt0182749
Romance,tt0183742
Romance,tt0187399
Romance,tt0188615
Romance,tt0194143
Romance,tt0209912
Romance,tt0210525
Romance,tt0212772
Romance,tt0213524
Romance,tt0215777
Romance,tt0217660
Romance,tt0220799
Romance,tt0221314
Romance,tt0225013
Romance,tt0226786
Romance,tt0229432
Romance,tt0240880
Romance,tt0242632
Romance,tt0243529
Romance,tt0249047
Romance,tt0251919
Romance,tt0255043
Romance,tt0263080
Romance,tt0263081
Romance,tt0263136
Romance,tt0263273
Romance,tt0263730
Romance,tt0263965
Romance,tt0266067
Romance,tt0272125
Romance,tt0282612
Romance,tt0283366
Romance,tt0283911
Romance,tt0283972
Romance,tt0286623
Romance,tt0288115
Romance,tt0288260
Romance,tt0291753
Romance,tt0298351
Romance,tt0302031
Romance,tt0312983
Romance,tt0313579
Romance,tt0317763
Romance,tt0330342
Romance,tt0330508
Romance,tt0337652
Romance,tt0345594
Romance,tt0345603
Romance,tt0348258
Romance,tt0348691
Romance,tt0352757
Romance,tt0353675
Romance,tt0357065
Romance,tt0376787
Romance,tt0378802
Romance,tt0380565
Romance,tt0388483
Romance,tt0389845
Romance,tt0390184
Romance,tt0392950
Romance,tt0405908
Romance,tt0406740
Romance,tt0406989
Romance,tt0408217
Romance,tt0409068
Romance,tt0409694
Romance,tt0409811
Romance,tt0411131
Romance,tt0414428
Romance,tt0416874
Romance,tt0422622
Romance,tt0423584
Romance,tt0427369
Romance,tt0429055
Romance,tt0429072
Romance,tt0430989
Romance,tt0432290
Romance,tt0434105
Romance,tt0443310
Romance,tt0447014
Romance,tt0452968
Romance,tt0453097
Romance,tt0453530
Romance,tt0453740
Romance,tt0455663
Romance,tt0456643
Romance,tt0456821
Romance,tt0458184
Romance,tt0464758
Romance,tt0464849
Romance,tt0466650
Romance,tt0470420
Romance,tt0475639
Romance,tt0477255
Romance,tt0481129
Romance,tt0481370
Romance,tt0485243
Romance,tt0485466
Romance,tt0485486
Romance,tt0488031
Romance,tt0492755
Romance,tt0498480
Romance,tt0777837
Romance,tt0778020
Romance,tt0783236
Romance,tt0810400
Romance,tt0814198
Romance,tt0816149
Romance,tt0825270
Romance,tt0830545
Romance,tt0843327
Romance,tt0843625
Romance,tt0856789
Romance,tt0871977
Romance,tt0875008
Romance,tt0884177
Romance,tt0884855
Romance,tt0905642
Romance,tt0923923
Romance,tt0928154
Romance,tt0969277
Romance,tt0971222
Romance,tt0996978
Romance,tt0997155
Romance,tt0997165
Romance,tt0997178
Romance,tt1019897
Romance,tt1031973
Romance,tt1074213
Romance,tt1080813
Romance,tt1101654
Romance,tt1116026
Romance,tt1196140
Romance,tt1205065
Romance,tt1210817
Romance,tt1213910
Romance,tt1221125
Romance,tt1230544
Romance,tt1233458
Romance,tt1247644
Romance,tt1252557
Romance,tt1260565
Romance,tt1268294
Romance,tt1288641
Romance,tt1291545
Romance,tt1294686
Romance,tt1329101
Romance,tt1364481
Romance,tt1365441
Romance,tt1365500
Romance,tt1390821
Romance,tt1390838
Romance,tt1401622
Romance,tt1429445
Romance,tt1431065
Romance,tt1437224
Romance,tt1443335
Romance,tt1455237
Romance,tt1473105
Romance,tt1478275
Romance,tt1503178
Romance,tt1507255
Romance,tt1528750
Romance,tt1547039
Romance,tt1551631
Romance,tt1556146
Romance,tt1572189
Romance,tt1575646
Romance,tt1575719
Romance,tt1579675
Romance,tt1579821
Romance,tt1591123
Romance,tt1596771
Romance,tt1600683
Romance,tt1601453
Romance,tt1602585
Romance,tt1611818
Romance,tt1614979
Romance,tt1627934
Romance,tt1674766
Romance,tt1739176
Romance,tt1739298
Romance,tt1753976
Romance,tt1754944
Romance,tt1772958
Romance,tt1773441
Romance,tt1773471
Romance,tt1776143
Romance,tt1781853
Romance,tt1786530
Romance,tt1813225
Romance,tt1830802
Romance,tt1846700
Romance,tt1854533
Romance,tt1859603
Romance,tt1881010
Romance,tt1945118
Romance,tt1996312
Romance,tt2040257
Romance,tt2061650
Romance,tt2062580
Romance,tt2064849
Romance,tt2088847
Romance,tt2113735
Romance,tt2113742
Romance,tt2125429
Romance,tt2166850
Romance,tt2186753
Romance,tt2187972
Romance,tt2246829
Romance,tt2281309
Romance,tt2311526
Romance,tt2316756
Romance,tt2328737
Romance,tt2332503
Romance,tt2342227
Romance,tt2347289
Romance,tt2373600
Romance,tt2378378
Romance,tt2380272
Romance,tt2380288
Romance,tt2419576
Romance,tt2457548
Romance,tt2494476
Romance,tt2589070
Romance,tt2618936
Romance,tt2648034
Romance,tt2663738
Romance,tt2691040
Romance,tt2706340
Romance,tt2714934
Romance,tt2735480
Romance,tt2746136
Romance,tt2753628
Romance,tt2855180
Romance,tt2878406
Romance,tt2979322
Romance,tt3006508
Romance,tt3021806
Romance,tt3053834
Romance,tt3108170
Romance,tt3110634
Romance,tt3121474
Romance,tt3171886
Romance,tt3175798
Romance,tt3175936
Romance,tt3214448
Romance,tt3230668
Romance,tt3255322
Romance,tt3261912
Romance,tt3276632
Romance,tt3345868
Romance,tt3420850
Romance,tt3421036
Romance,tt3466476
Romance,tt3476368
Romance,tt3500478
Romance,tt3565174
Romance,tt3729994
Romance,tt3752610
Romance,tt3776402
Romance,tt3780812
Romance,tt3793116
Romance,tt3800028
Romance,tt3822606
Romance,tt3867556
Romance,tt3917316
Romance,tt3983640
Romance,tt4061360
Romance,tt4084182
Romance,tt4094916
Romance,tt4114302
Romance,tt4119590
Romance,tt4192656
Romance,tt4257940
Romance,tt4271820
Romance,tt4293766
Romance,tt4311466
Romance,tt4333680
Romance,tt4394104
Romance,tt4463762
Romance,tt4475244
Romance,tt4543804
Romance,tt4580794
Romance,tt4607906
Romance,tt4610308
Romance,tt4657764
Romance,tt4714454
Romance,tt4742556
Romance,tt4819470
Romance,tt4834850
Romance,tt4837126
Romance,tt4846952
Romance,tt4882692
Romance,tt4892714
Romance,tt4903518
Romance,tt4941354
Romance,tt4964550
Romance,tt5000984
Romance,tt5052972
Romance,tt5078964
Romance,tt5107670
Romance,tt5179576
Romance,tt5190944
Romance,tt5257730
Romance,tt5278634
Romance,tt5341036
Romance,tt5370376
Romance,tt5474036
Romance,tt5574012
Romance,tt5686868
Romance,tt5719222
Romance,tt5720558
Romance,tt5855402
Romance,tt5867468
Romance,tt5902484
Romance,tt5928448
Romance,tt5934922
Romance,tt5943392
Romance,tt5947582
Romance,tt5956006
Romance,tt6023800
Romance,tt6106980
Romance,tt6170202
Romance,tt6234666
Romance,tt6246362
Romance,tt6267944
Romance,tt6271264
Romance,tt6289452
Romance,tt6364638
Romance,tt6431324
Romance,tt6649066
Romance,tt6685776
Romance,tt6690234
Romance,tt6721424
Romance,tt6750962
Romance,tt6771678
Romance,tt6886062
Romance,tt6975046
Romance,tt7116248
Romance,tt7231572
Romance,tt7239146
Romance,tt7286500
Romance,tt7475006
Romance,tt7502256
Romance,tt7531040
Romance,tt7590334
Romance,tt7617988
Romance,tt7619554
Romance,tt7705790
Romance,tt7767866
Romance,tt7817448
Romance,tt7817568
Romance,tt7838158
Romance,tt7939428
Romance,tt8016500
Romance,tt8016672
Romance,tt8043092
Romance,tt8095076
Romance,tt8208098
Romance,tt8228906
Romance,tt8269204
Romance,tt8344532
Romance,tt8590992
Romance,tt8611700
Romance,tt8637534
Romance,tt8650270
Romance,tt8674418
Romance,tt8710128
Romance,tt8718066
Romance,tt8809750
Romance,tt8954890
Romance,tt9021092
Romance,tt9081562
Romance,tt9105026
Romance,tt9226154
Romance,tt9575164
Romance,tt9665402
Romance,tt9749144
Romance,tt9840958
Romance,tt10210182
Romance,tt10356526
Romance,tt10420532
Romance,tt10452466
Romance,tt10534962
Romance,tt10559412
Romance,tt10592082
Romance,tt10706640
Romance,tt10747038
Romance,tt10905616
Romance,tt10968482
Romance,tt10991188
Romance,tt11024568
Romance,tt11079540
Romance,tt11173106
Romance,tt11316854
Romance,tt11357028
Romance,tt11399518
Romance,tt11534356
Romance,tt11730940
