Sci-Fi,tt0006333
Sci-Fi,tt0027623
Sci-Fi,tt0030138
Sci-Fi,tt0032475
Sci-Fi,tt0036697
Sci-Fi,tt0044427
Sci-Fi,tt0045352
Sci-Fi,tt0049223
Sci-Fi,tt0053464
Sci-Fi,tt0053944
Sci-Fi,tt0055294
Sci-Fi,tt0055608
Sci-Fi,tt0059346
Sci-Fi,tt0060074
Sci-Fi,tt0060126
Sci-Fi,tt0061500
Sci-Fi,tt0063859
Sci-Fi,tt0064470
Sci-Fi,tt0065163
Sci-Fi,tt0065462
Sci-Fi,tt0069986
Sci-Fi,tt0070631
Sci-Fi,tt0070754
Sci-Fi,tt0076294
Sci-Fi,tt0076902
Sci-Fi,tt0077215
Sci-Fi,tt0077278
Sci-Fi,tt0077937
Sci-Fi,tt0078435
Sci-Fi,tt0079501
Sci-Fi,tt0079574
Sci-Fi,tt0079946
Sci-Fi,tt0080421
Sci-Fi,tt0080745
Sci-Fi,tt0081573
Sci-Fi,tt0082340
Sci-Fi,tt0082642
Sci-Fi,tt0082694
Sci-Fi,tt0083050
Sci-Fi,tt0084726
Sci-Fi,tt0084827
Sci-Fi,tt0084887
Sci-Fi,tt0086345
Sci-Fi,tt0086346
Sci-Fi,tt0086443
Sci-Fi,tt0087182
Sci-Fi,tt0087597
Sci-Fi,tt0088170
Sci-Fi,tt0088393
Sci-Fi,tt0088925
Sci-Fi,tt0089530
Sci-Fi,tt0090302
Sci-Fi,tt0090605
Sci-Fi,tt0090630
Sci-Fi,tt0091012
Sci-Fi,tt0092298
Sci-Fi,tt0093773
Sci-Fi,tt0094033
Sci-Fi,tt0094074
Sci-Fi,tt0096114
Sci-Fi,tt0096287
Sci-Fi,tt0097404
Sci-Fi,tt0098216
Sci-Fi,tt0098480
Sci-Fi,tt0099474
Sci-Fi,tt0101366
Sci-Fi,tt0102975
Sci-Fi,tt0103923
Sci-Fi,tt0104981
Sci-Fi,tt0105213
Sci-Fi,tt0105680
Sci-Fi,tt0107290
Sci-Fi,tt0107333
Sci-Fi,tt0107819
Sci-Fi,tt0108342
Sci-Fi,tt0111282
Sci-Fi,tt0114898
Sci-Fi,tt0116147
Sci-Fi,tt0116225
Sci-Fi,tt0116629
Sci-Fi,tt0117497
Sci-Fi,tt0118661
Sci-Fi,tt0119116
Sci-Fi,tt0119567
Sci-Fi,tt0120201
Sci-Fi,tt0120591
Sci-Fi,tt0120844
Sci-Fi,tt0120903
Sci-Fi,tt0127640
Sci-Fi,tt0131646
Sci-Fi,tt0133152
Sci-Fi,tt0145487
Sci-Fi,tt0149261
Sci-Fi,tt0163025
Sci-Fi,tt0185183
Sci-Fi,tt0207631
Sci-Fi,tt0253754
Sci-Fi,tt0261597
Sci-Fi,tt0268695
Sci-Fi,tt0271451
Sci-Fi,tt0296572
Sci-Fi,tt0297416
Sci-Fi,tt0298814
Sci-Fi,tt0300556
Sci-Fi,tt0316654
Sci-Fi,tt0319262
Sci-Fi,tt0320736
Sci-Fi,tt0327409
Sci-Fi,tt0330972
Sci-Fi,tt0339579
Sci-Fi,tt0345636
Sci-Fi,tt0357894
Sci-Fi,tt0362942
Sci-Fi,tt0364970
Sci-Fi,tt0369610
Sci-Fi,tt0371746
Sci-Fi,tt0376994
Sci-Fi,tt0379786
Sci-Fi,tt0382992
Sci-Fi,tt0400426
Sci-Fi,tt0401729
Sci-Fi,tt0402022
Sci-Fi,tt0413300
Sci-Fi,tt0418279
Sci-Fi,tt0437086
Sci-Fi,tt0438488
Sci-Fi,tt0458339
Sci-Fi,tt0458525
Sci-Fi,tt0462465
Sci-Fi,tt0479651
Sci-Fi,tt0481509
Sci-Fi,tt0489099
Sci-Fi,tt0770828
Sci-Fi,tt0796366
Sci-Fi,tt0800080
Sci-Fi,tt0831387
Sci-Fi,tt0848228
Sci-Fi,tt0948470
Sci-Fi,tt0972558
Sci-Fi,tt1023347
Sci-Fi,tt1045673
Sci-Fi,tt1046173
Sci-Fi,tt1055369
Sci-Fi,tt1104001
Sci-Fi,tt1114731
Sci-Fi,tt1133985
Sci-Fi,tt1161457
Sci-Fi,tt1190080
Sci-Fi,tt1228705
Sci-Fi,tt1270797
Sci-Fi,tt1270798
Sci-Fi,tt1288403
Sci-Fi,tt1300854
Sci-Fi,tt1340138
Sci-Fi,tt1345449
Sci-Fi,tt1375666
Sci-Fi,tt1386703
Sci-Fi,tt1392170
Sci-Fi,tt1392190
Sci-Fi,tt1399103
Sci-Fi,tt1399952
Sci-Fi,tt1408101
Sci-Fi,tt1411250
Sci-Fi,tt1424381
Sci-Fi,tt1430132
Sci-Fi,tt1440129
Sci-Fi,tt1464540
Sci-Fi,tt1483013
Sci-Fi,tt1502712
Sci-Fi,tt1543283
Sci-Fi,tt1562871
Sci-Fi,tt1583421
Sci-Fi,tt1590125
Sci-Fi,tt1617661
Sci-Fi,tt1628841
Sci-Fi,tt1631867
Sci-Fi,tt1650062
Sci-Fi,tt1663662
Sci-Fi,tt1677720
Sci-Fi,tt1724970
Sci-Fi,tt1754438
Sci-Fi,tt1815862
Sci-Fi,tt1825683
Sci-Fi,tt1843866
Sci-Fi,tt1872181
Sci-Fi,tt1877832
Sci-Fi,tt1880313
Sci-Fi,tt1951265
Sci-Fi,tt1951266
Sci-Fi,tt2043971
Sci-Fi,tt2094766
Sci-Fi,tt2106651
Sci-Fi,tt2109248
Sci-Fi,tt2145829
Sci-Fi,tt2231461
Sci-Fi,tt2250912
Sci-Fi,tt2275656
Sci-Fi,tt2304933
Sci-Fi,tt2369041
Sci-Fi,tt2395427
Sci-Fi,tt2439946
Sci-Fi,tt2488496
Sci-Fi,tt2518926
Sci-Fi,tt2557478
Sci-Fi,tt2645670
Sci-Fi,tt2651724
Sci-Fi,tt2660888
Sci-Fi,tt2734790
Sci-Fi,tt2908446
Sci-Fi,tt2975590
Sci-Fi,tt3004572
Sci-Fi,tt3072482
Sci-Fi,tt3157640
Sci-Fi,tt3343868
Sci-Fi,tt3371366
Sci-Fi,tt3385516
Sci-Fi,tt3397948
Sci-Fi,tt3480796
Sci-Fi,tt3498820
Sci-Fi,tt3647784
Sci-Fi,tt3717490
Sci-Fi,tt3722614
Sci-Fi,tt3748528
Sci-Fi,tt3778644
Sci-Fi,tt3796006
Sci-Fi,tt3829266
Sci-Fi,tt3854562
Sci-Fi,tt4046784
Sci-Fi,tt4154664
Sci-Fi,tt4154756
Sci-Fi,tt4500922
Sci-Fi,tt4627104
Sci-Fi,tt4701182
Sci-Fi,tt4815122
Sci-Fi,tt4881806
Sci-Fi,tt5702566
Sci-Fi,tt5737536
Sci-Fi,tt5813366
Sci-Fi,tt6134274
Sci-Fi,tt6164854
Sci-Fi,tt6320628
Sci-Fi,tt6450804
Sci-Fi,tt6565702
Sci-Fi,tt6727598
Sci-Fi,tt7458762
Sci-Fi,tt7963218
Sci-Fi,tt8235966
Sci-Fi,tt8783146
Sci-Fi,tt9038976
Sci-Fi,tt9301884
Sci-Fi,tt10238788
Sci-Fi,tt0158568
Sci-Fi,tt0158628
Sci-Fi,tt0272299
Sci-Fi,tt0080836
Sci-Fi,tt0062657
Sci-Fi,tt0072856
Sci-Fi,tt0081572
Sci-Fi,tt0085167
Sci-Fi,tt0087945
Sci-Fi,tt0089930
Sci-Fi,tt0093171
Sci-Fi,tt0093268
Sci-Fi,tt0093405
Sci-Fi,tt0093828
Sci-Fi,tt0098211
Sci-Fi,tt0099271
Sci-Fi,tt0100464
Sci-Fi,tt0101988
Sci-Fi,tt0103003
Sci-Fi,tt0106545
Sci-Fi,tt0111822
Sci-Fi,tt0114614
Sci-Fi,tt0119013
Sci-Fi,tt0120891
Sci-Fi,tt0133246
Sci-Fi,tt0146233
Sci-Fi,tt0290095
Sci-Fi,tt0327169
Sci-Fi,tt0388973
Sci-Fi,tt0426592
Sci-Fi,tt0439709
Sci-Fi,tt0457342
Sci-Fi,tt0470711
Sci-Fi,tt0783511
Sci-Fi,tt0808240
Sci-Fi,tt0997147
Sci-Fi,tt1123372
Sci-Fi,tt1278180
Sci-Fi,tt1381512
Sci-Fi,tt1388371
Sci-Fi,tt1429382
Sci-Fi,tt1642193
Sci-Fi,tt1869593
Sci-Fi,tt2101405
Sci-Fi,tt2104076
Sci-Fi,tt2220034
Sci-Fi,tt2819130
Sci-Fi,tt3864024
Sci-Fi,tt4110388
Sci-Fi,tt4421344
Sci-Fi,tt4439102
Sci-Fi,tt5258074
Sci-Fi,tt6730898
Sci-Fi,tt7512574
Sci-Fi,tt8550514
Sci-Fi,tt0041296
Sci-Fi,tt0061516
Sci-Fi,tt0082869
Sci-Fi,tt0088024
Sci-Fi,tt0088695
Sci-Fi,tt0093870
Sci-Fi,tt0099624
Sci-Fi,tt0099625
Sci-Fi,tt0100502
Sci-Fi,tt0104299
Sci-Fi,tt0106915
Sci-Fi,tt0106950
Sci-Fi,tt0107978
Sci-Fi,tt0111438
Sci-Fi,tt0112519
Sci-Fi,tt0113492
Sci-Fi,tt0114857
Sci-Fi,tt0119094
Sci-Fi,tt0181947
Sci-Fi,tt0207358
Sci-Fi,tt0326441
Sci-Fi,tt0414852
Sci-Fi,tt0453467
Sci-Fi,tt0827709
Sci-Fi,tt0827714
Sci-Fi,tt1234721
Sci-Fi,tt1343727
Sci-Fi,tt3171832
Sci-Fi,tt4054004
Sci-Fi,tt7550000
Sci-Fi,tt8561690
Sci-Fi,tt0059065
Sci-Fi,tt0060272
Sci-Fi,tt0067525
Sci-Fi,tt0077414
Sci-Fi,tt0079550
Sci-Fi,tt0080513
Sci-Fi,tt0080962
Sci-Fi,tt0084540
Sci-Fi,tt0092812
Sci-Fi,tt0094080
Sci-Fi,tt0101458
Sci-Fi,tt0105597
Sci-Fi,tt0106768
Sci-Fi,tt0110678
Sci-Fi,tt0113278
Sci-Fi,tt0113481
Sci-Fi,tt0113719
Sci-Fi,tt0115857
Sci-Fi,tt0117308
Sci-Fi,tt0119794
Sci-Fi,tt0120157
Sci-Fi,tt0120461
Sci-Fi,tt0122116
Sci-Fi,tt0167215
Sci-Fi,tt0214871
Sci-Fi,tt0216312
Sci-Fi,tt0217072
Sci-Fi,tt0238380
Sci-Fi,tt0240732
Sci-Fi,tt0264429
Sci-Fi,tt0270841
Sci-Fi,tt0279809
Sci-Fi,tt0294252
Sci-Fi,tt0343818
Sci-Fi,tt0344777
Sci-Fi,tt0365514
Sci-Fi,tt0378428
Sci-Fi,tt0406941
Sci-Fi,tt0433035
Sci-Fi,tt0434409
Sci-Fi,tt1025100
Sci-Fi,tt1037154
Sci-Fi,tt1247400
Sci-Fi,tt1276104
Sci-Fi,tt1318514
Sci-Fi,tt1414863
Sci-Fi,tt1468324
Sci-Fi,tt1532382
Sci-Fi,tt1535108
Sci-Fi,tt1634106
Sci-Fi,tt1653064
Sci-Fi,tt1662534
Sci-Fi,tt1706620
Sci-Fi,tt1800367
Sci-Fi,tt1841504
Sci-Fi,tt1971325
Sci-Fi,tt2094767
Sci-Fi,tt2209764
Sci-Fi,tt2317225
Sci-Fi,tt2343473
Sci-Fi,tt2351310
Sci-Fi,tt2385169
Sci-Fi,tt2392748
Sci-Fi,tt2397535
Sci-Fi,tt2571362
Sci-Fi,tt2997426
Sci-Fi,tt3053378
Sci-Fi,tt3201640
Sci-Fi,tt3312180
Sci-Fi,tt3315342
Sci-Fi,tt3458760
Sci-Fi,tt3775086
Sci-Fi,tt3974320
Sci-Fi,tt4231502
Sci-Fi,tt4540434
Sci-Fi,tt4616250
Sci-Fi,tt5207004
Sci-Fi,tt5242684
Sci-Fi,tt6340500
Sci-Fi,tt6774786
Sci-Fi,tt6952230
Sci-Fi,tt7288408
Sci-Fi,tt8773700
Sci-Fi,tt8948208
Sci-Fi,tt0046192
Sci-Fi,tt0050251
Sci-Fi,tt0056709
Sci-Fi,tt0314111
Sci-Fi,tt1629766
Sci-Fi,tt0095643
Sci-Fi,tt0098048
Sci-Fi,tt0113074
Sci-Fi,tt0122050
Sci-Fi,tt0122145
Sci-Fi,tt0148392
Sci-Fi,tt0260136
Sci-Fi,tt0272425
Sci-Fi,tt0276935
Sci-Fi,tt0366985
Sci-Fi,tt0456627
Sci-Fi,tt0826175
Sci-Fi,tt0999922
Sci-Fi,tt1047877
Sci-Fi,tt1190556
Sci-Fi,tt1418377
Sci-Fi,tt1510929
Sci-Fi,tt1843309
Sci-Fi,tt2058710
Sci-Fi,tt2563562
Sci-Fi,tt2721152
Sci-Fi,tt5165936
Sci-Fi,tt6949498
Sci-Fi,tt7946836
Sci-Fi,tt8305666
Sci-Fi,tt0031796
Sci-Fi,tt0048127
Sci-Fi,tt0056331
Sci-Fi,tt0060440
Sci-Fi,tt0063172
Sci-Fi,tt0069895
Sci-Fi,tt0070926
Sci-Fi,tt0085125
Sci-Fi,tt0087262
Sci-Fi,tt0087344
Sci-Fi,tt0090233
Sci-Fi,tt0093533
Sci-Fi,tt0096256
Sci-Fi,tt0096425
Sci-Fi,tt0096511
Sci-Fi,tt0097179
Sci-Fi,tt0099277
Sci-Fi,tt0100403
Sci-Fi,tt0100503
Sci-Fi,tt0100688
Sci-Fi,tt0100975
Sci-Fi,tt0102848
Sci-Fi,tt0103116
Sci-Fi,tt0103644
Sci-Fi,tt0105322
Sci-Fi,tt0105569
Sci-Fi,tt0105796
Sci-Fi,tt0105869
Sci-Fi,tt0108154
Sci-Fi,tt0109442
Sci-Fi,tt0109575
Sci-Fi,tt0110153
Sci-Fi,tt0112634
Sci-Fi,tt0112843
Sci-Fi,tt0112993
Sci-Fi,tt0113187
Sci-Fi,tt0114508
Sci-Fi,tt0115834
Sci-Fi,tt0116026
Sci-Fi,tt0118583
Sci-Fi,tt0120458
Sci-Fi,tt0120611
Sci-Fi,tt0120804
Sci-Fi,tt0120841
Sci-Fi,tt0121694
Sci-Fi,tt0127136
Sci-Fi,tt0127503
Sci-Fi,tt0134847
Sci-Fi,tt0164052
Sci-Fi,tt0184503
Sci-Fi,tt0197521
Sci-Fi,tt0211443
Sci-Fi,tt0228333
Sci-Fi,tt0250613
Sci-Fi,tt0255198
Sci-Fi,tt0265104
Sci-Fi,tt0282179
Sci-Fi,tt0282496
Sci-Fi,tt0303773
Sci-Fi,tt0318627
Sci-Fi,tt0369226
Sci-Fi,tt0371920
Sci-Fi,tt0399762
Sci-Fi,tt0419706
Sci-Fi,tt0432021
Sci-Fi,tt0439615
Sci-Fi,tt0463854
Sci-Fi,tt0473348
Sci-Fi,tt0820111
Sci-Fi,tt0860528
Sci-Fi,tt0892899
Sci-Fi,tt0923653
Sci-Fi,tt0925245
Sci-Fi,tt0977669
Sci-Fi,tt0996979
Sci-Fi,tt1105742
Sci-Fi,tt1131742
Sci-Fi,tt1147687
Sci-Fi,tt1176416
Sci-Fi,tt1191971
Sci-Fi,tt1240540
Sci-Fi,tt1265294
Sci-Fi,tt1391579
Sci-Fi,tt1401631
Sci-Fi,tt1418712
Sci-Fi,tt1427298
Sci-Fi,tt1622991
Sci-Fi,tt1666187
Sci-Fi,tt1699231
Sci-Fi,tt1719680
Sci-Fi,tt1733578
Sci-Fi,tt1855325
Sci-Fi,tt1893415
Sci-Fi,tt1920846
Sci-Fi,tt1972636
Sci-Fi,tt1982882
Sci-Fi,tt2081438
Sci-Fi,tt2119404
Sci-Fi,tt2128694
Sci-Fi,tt2178927
Sci-Fi,tt2224383
Sci-Fi,tt2241403
Sci-Fi,tt2270372
Sci-Fi,tt2306836
Sci-Fi,tt2443852
Sci-Fi,tt2592614
Sci-Fi,tt2667380
Sci-Fi,tt2783862
Sci-Fi,tt3163224
Sci-Fi,tt3205438
Sci-Fi,tt3310896
Sci-Fi,tt3439114
Sci-Fi,tt3551400
Sci-Fi,tt3552892
Sci-Fi,tt3619854
Sci-Fi,tt3899262
Sci-Fi,tt4094724
Sci-Fi,tt4173306
Sci-Fi,tt4433646
Sci-Fi,tt4520364
Sci-Fi,tt4567486
Sci-Fi,tt4682266
Sci-Fi,tt4779682
Sci-Fi,tt5033000
Sci-Fi,tt5246928
Sci-Fi,tt5481404
Sci-Fi,tt5591666
Sci-Fi,tt5662550
Sci-Fi,tt5742568
Sci-Fi,tt5774060
Sci-Fi,tt6133466
Sci-Fi,tt6964562
Sci-Fi,tt7379906
Sci-Fi,tt7867360
Sci-Fi,tt8439934
Sci-Fi,tt8804580
Sci-Fi,tt10319676
Sci-Fi,tt11946300
Sci-Fi,tt12057580
Sci-Fi,tt0083609
Sci-Fi,tt0118886
Sci-Fi,tt0120184
Sci-Fi,tt0216216
Sci-Fi,tt0338337
Sci-Fi,tt0969653
Sci-Fi,tt1764355
Sci-Fi,tt1790864
Sci-Fi,tt2140379
Sci-Fi,tt2214897
Sci-Fi,tt6156656
Sci-Fi,tt7221634
Sci-Fi,tt0082381
Sci-Fi,tt0094152
Sci-Fi,tt0100343
Sci-Fi,tt0194722
Sci-Fi,tt0324518
Sci-Fi,tt0477337
Sci-Fi,tt1294160
Sci-Fi,tt5227746
Sci-Fi,tt0037895
Sci-Fi,tt0038007
Sci-Fi,tt0043831
Sci-Fi,tt0045064
Sci-Fi,tt0048465
Sci-Fi,tt0055562
Sci-Fi,tt0067065
Sci-Fi,tt0068408
Sci-Fi,tt0069768
Sci-Fi,tt0071336
Sci-Fi,tt0071923
Sci-Fi,tt0073168
Sci-Fi,tt0073835
Sci-Fi,tt0074812
Sci-Fi,tt0077408
Sci-Fi,tt0078869
Sci-Fi,tt0080736
Sci-Fi,tt0083565
Sci-Fi,tt0084316
Sci-Fi,tt0085514
Sci-Fi,tt0085540
Sci-Fi,tt0086135
Sci-Fi,tt0086381
Sci-Fi,tt0087130
Sci-Fi,tt0088247
Sci-Fi,tt0089091
Sci-Fi,tt0090192
Sci-Fi,tt0090296
Sci-Fi,tt0090836
Sci-Fi,tt0091110
Sci-Fi,tt0091166
Sci-Fi,tt0092224
Sci-Fi,tt0092841
Sci-Fi,tt0093663
Sci-Fi,tt0093731
Sci-Fi,tt0094631
Sci-Fi,tt0094931
Sci-Fi,tt0095002
Sci-Fi,tt0096419
Sci-Fi,tt0096465
Sci-Fi,tt0096786
Sci-Fi,tt0097444
Sci-Fi,tt0098996
Sci-Fi,tt0100291
Sci-Fi,tt0101264
Sci-Fi,tt0101876
Sci-Fi,tt0101931
Sci-Fi,tt0102187
Sci-Fi,tt0102804
Sci-Fi,tt0103064
Sci-Fi,tt0104055
Sci-Fi,tt0104516
Sci-Fi,tt0105183
Sci-Fi,tt0105698
Sci-Fi,tt0107505
Sci-Fi,tt0107597
Sci-Fi,tt0107954
Sci-Fi,tt0107979
Sci-Fi,tt0108277
Sci-Fi,tt0109098
Sci-Fi,tt0109144
Sci-Fi,tt0109515
Sci-Fi,tt0109517
Sci-Fi,tt0109518
Sci-Fi,tt0109545
Sci-Fi,tt0109965
Sci-Fi,tt0110651
Sci-Fi,tt0110901
Sci-Fi,tt0111345
Sci-Fi,tt0112613
Sci-Fi,tt0112763
Sci-Fi,tt0112906
Sci-Fi,tt0112998
Sci-Fi,tt0115624
Sci-Fi,tt0116032
Sci-Fi,tt0117396
Sci-Fi,tt0117651
Sci-Fi,tt0117706
Sci-Fi,tt0117912
Sci-Fi,tt0117915
Sci-Fi,tt0117930
Sci-Fi,tt0118631
Sci-Fi,tt0118688
Sci-Fi,tt0119171
Sci-Fi,tt0119700
Sci-Fi,tt0120167
Sci-Fi,tt0120174
Sci-Fi,tt0120187
Sci-Fi,tt0120356
Sci-Fi,tt0120435
Sci-Fi,tt0124349
Sci-Fi,tt0133093
Sci-Fi,tt0133228
Sci-Fi,tt0137094
Sci-Fi,tt0137452
Sci-Fi,tt0140471
Sci-Fi,tt0150500
Sci-Fi,tt0159752
Sci-Fi,tt0161644
Sci-Fi,tt0165251
Sci-Fi,tt0165400
Sci-Fi,tt0171245
Sci-Fi,tt0176269
Sci-Fi,tt0179183
Sci-Fi,tt0181852
Sci-Fi,tt0185027
Sci-Fi,tt0188925
Sci-Fi,tt0192669
Sci-Fi,tt0232098
Sci-Fi,tt0234215
Sci-Fi,tt0242653
Sci-Fi,tt0251094
Sci-Fi,tt0256083
Sci-Fi,tt0265198
Sci-Fi,tt0284260
Sci-Fi,tt0286716
Sci-Fi,tt0288215
Sci-Fi,tt0289596
Sci-Fi,tt0305831
Sci-Fi,tt0310149
Sci-Fi,tt0311866
Sci-Fi,tt0322651
Sci-Fi,tt0348150
Sci-Fi,tt0353899
Sci-Fi,tt0370032
Sci-Fi,tt0385990
Sci-Fi,tt0390463
Sci-Fi,tt0405821
Sci-Fi,tt0417844
Sci-Fi,tt0432637
Sci-Fi,tt0438052
Sci-Fi,tt0453396
Sci-Fi,tt0758762
Sci-Fi,tt0910868
Sci-Fi,tt1029231
Sci-Fi,tt1217613
Sci-Fi,tt1229236
Sci-Fi,tt1305797
Sci-Fi,tt1328910
Sci-Fi,tt1337055
Sci-Fi,tt1405412
Sci-Fi,tt1478800
Sci-Fi,tt1534568
Sci-Fi,tt1578259
Sci-Fi,tt1578265
Sci-Fi,tt1619016
Sci-Fi,tt1620549
Sci-Fi,tt1645048
Sci-Fi,tt1665744
Sci-Fi,tt1669604
Sci-Fi,tt1682376
Sci-Fi,tt1869453
Sci-Fi,tt1869509
Sci-Fi,tt1934381
Sci-Fi,tt1972752
Sci-Fi,tt2051872
Sci-Fi,tt2093280
Sci-Fi,tt2193151
Sci-Fi,tt2196746
Sci-Fi,tt2205589
Sci-Fi,tt2210717
Sci-Fi,tt2295318
Sci-Fi,tt2317127
Sci-Fi,tt2385001
Sci-Fi,tt2507628
Sci-Fi,tt2546764
Sci-Fi,tt2547942
Sci-Fi,tt2605528
Sci-Fi,tt2639514
Sci-Fi,tt2805976
Sci-Fi,tt2936390
Sci-Fi,tt3104304
Sci-Fi,tt3216086
Sci-Fi,tt3312230
Sci-Fi,tt3343350
Sci-Fi,tt3479316
Sci-Fi,tt3495666
Sci-Fi,tt3501492
Sci-Fi,tt3847642
Sci-Fi,tt3848938
Sci-Fi,tt3967878
Sci-Fi,tt4073890
Sci-Fi,tt4530832
Sci-Fi,tt4538294
Sci-Fi,tt4937114
Sci-Fi,tt4982252
Sci-Fi,tt5080556
Sci-Fi,tt5328466
Sci-Fi,tt5520970
Sci-Fi,tt6017594
Sci-Fi,tt6022174
Sci-Fi,tt6049106
Sci-Fi,tt6143798
Sci-Fi,tt6203998
Sci-Fi,tt6403382
Sci-Fi,tt6437228
Sci-Fi,tt6516590
Sci-Fi,tt6522982
Sci-Fi,tt6628322
Sci-Fi,tt6723592
Sci-Fi,tt7008310
Sci-Fi,tt7605074
Sci-Fi,tt8060328
Sci-Fi,tt8365426
Sci-Fi,tt8484370
Sci-Fi,tt9015178
Sci-Fi,tt9558468
Sci-Fi,tt9562694
Sci-Fi,tt9664732
Sci-Fi,tt0118138
Sci-Fi,tt0100261
Sci-Fi,tt0073631
Sci-Fi,tt0094764
Sci-Fi,tt0246894
Sci-Fi,tt0044207
Sci-Fi,tt0046534
Sci-Fi,tt0053615
Sci-Fi,tt0059095
Sci-Fi,tt0070909
Sci-Fi,tt0083658
Sci-Fi,tt0084424
Sci-Fi,tt0085124
Sci-Fi,tt0085627
Sci-Fi,tt0088380
Sci-Fi,tt0088940
Sci-Fi,tt0089104
Sci-Fi,tt0090169
Sci-Fi,tt0092172
Sci-Fi,tt0093894
Sci-Fi,tt0094607
Sci-Fi,tt0097138
Sci-Fi,tt0097410
Sci-Fi,tt0097910
Sci-Fi,tt0098156
Sci-Fi,tt0099365
Sci-Fi,tt0099554
Sci-Fi,tt0099577
Sci-Fi,tt0100705
Sci-Fi,tt0100802
Sci-Fi,tt0101489
Sci-Fi,tt0101831
Sci-Fi,tt0102800
Sci-Fi,tt0106697
Sci-Fi,tt0107668
Sci-Fi,tt0108606
Sci-Fi,tt0109178
Sci-Fi,tt0110215
Sci-Fi,tt0112764
Sci-Fi,tt0112766
Sci-Fi,tt0112867
Sci-Fi,tt0112942
Sci-Fi,tt0113067
Sci-Fi,tt0113140
Sci-Fi,tt0114339
Sci-Fi,tt0114648
Sci-Fi,tt0115471
Sci-Fi,tt0116839
Sci-Fi,tt0117612
Sci-Fi,tt0117688
Sci-Fi,tt0119380
Sci-Fi,tt0119499
Sci-Fi,tt0120685
Sci-Fi,tt0127276
Sci-Fi,tt0138089
Sci-Fi,tt0157079
Sci-Fi,tt0176700
Sci-Fi,tt0195308
Sci-Fi,tt0199753
Sci-Fi,tt0202314
Sci-Fi,tt0204714
Sci-Fi,tt0216313
Sci-Fi,tt0236397
Sci-Fi,tt0238552
Sci-Fi,tt0267804
Sci-Fi,tt0289213
Sci-Fi,tt0290334
Sci-Fi,tt0381601
Sci-Fi,tt0399201
Sci-Fi,tt0409847
Sci-Fi,tt0435705
Sci-Fi,tt0452608
Sci-Fi,tt0459924
Sci-Fi,tt0465580
Sci-Fi,tt0483607
Sci-Fi,tt0854667
Sci-Fi,tt0986263
Sci-Fi,tt1034032
Sci-Fi,tt1038685
Sci-Fi,tt1053424
Sci-Fi,tt1097014
